{
  "neoforge-21.1.206 (modloader)": {
    "jarName": "neoforge-21.1.206 (modloader)",
    "modId": "neoforge",
    "version": "neoforge-21.1.206"
  },
  "3d-armor-0.9.1-mod.jar": {
    "jarName": "3d-armor-0.9.1-mod.jar",
    "modId": "armor_3d",
    "version": "0.9.1"
  },
  "3d-hands-1.0.0-mod.jar": {
    "jarName": "3d-hands-1.0.0-mod.jar",
    "modId": "hands_3d",
    "version": "1.0.0"
  },
  "[neoforge]ctov-3.5.9a.jar": {
    "jarName": "[neoforge]ctov-3.5.9a.jar",
    "modId": "ctov",
    "version": "3.5.9a"
  },
  "accessories-neoforge-1.1.0-beta.48+1.21.1.jar": {
    "jarName": "accessories-neoforge-1.1.0-beta.48+1.21.1.jar",
    "modId": "accessories",
    "version": "1.1.0-beta.48+1.21.1"
  },
  "aces_spell_utils-1.1.7-1.21.1.jar": {
    "jarName": "aces_spell_utils-1.1.7-1.21.1.jar",
    "modId": "aces_spell_utils",
    "version": "1.1.7-1.21.1"
  },
  "actuallyadditions-1.3.19+mc1.21.1.jar": {
    "jarName": "actuallyadditions-1.3.19+mc1.21.1.jar",
    "modId": "actuallyadditions",
    "version": "1.3.19"
  },
  "addonslib-neoforge-1.21.1-1.6.1.jar": {
    "jarName": "addonslib-neoforge-1.21.1-1.6.1.jar",
    "modId": "addonslib",
    "version": "1.21.1-1.6.1"
  },
  "AdvancedLootInfo-neoforge-1.21.1-1.3.2.jar": {
    "jarName": "AdvancedLootInfo-neoforge-1.21.1-1.3.2.jar",
    "modId": "ali",
    "version": "1.21.1-1.3.2"
  },
  "AdvancementPlaques-1.21.1-neoforge-1.6.8.jar": {
    "jarName": "AdvancementPlaques-1.21.1-neoforge-1.6.8.jar",
    "modId": "advancementplaques",
    "version": "1.6.8"
  },
  "ae2jeiintegration-1.2.0.jar": {
    "jarName": "ae2jeiintegration-1.2.0.jar",
    "modId": "ae2jeiintegration",
    "version": "1.2.0"
  },
  "aeroblender-1.21.1-1.0.0-neoforge.jar": {
    "jarName": "aeroblender-1.21.1-1.0.0-neoforge.jar",
    "modId": "aeroblender",
    "version": "1.0.0"
  },
  "aether-1.21.1-1.5.9-neoforge.jar": {
    "jarName": "aether-1.21.1-1.5.9-neoforge.jar",
    "modId": "aether",
    "version": "1.5.9"
  },
  "aether_emissivity-1.21.1-1.0.1-neoforge.jar": {
    "jarName": "aether_emissivity-1.21.1-1.0.1-neoforge.jar",
    "modId": "aether_emissivity",
    "version": "1.0.1"
  },
  "aether_enhanced_extinguishing-1.21.1-1.0.0-neoforge.jar": {
    "jarName": "aether_enhanced_extinguishing-1.21.1-1.0.0-neoforge.jar",
    "modId": "aether_enhanced_extinguishing",
    "version": "1.0.0"
  },
  "aether_treasure_reforging-1.21.1-1.0.1-neoforge.jar": {
    "jarName": "aether_treasure_reforging-1.21.1-1.0.1-neoforge.jar",
    "modId": "aether_treasure_reforging",
    "version": "1.0.1"
  },
  "aethersdelight-0.1.4.1-1.21.1.jar": {
    "jarName": "aethersdelight-0.1.4.1-1.21.1.jar",
    "modId": "aethersdelight",
    "version": "0.1.4.1-1.21.1"
  },
  "Aethersteel-v5.6-1.21.1.jar": {
    "jarName": "Aethersteel-v5.6-1.21.1.jar",
    "modId": "aethersteel",
    "version": "5.6"
  },
  "AetherVillages-1.21.1-1.0.8-neoforge.jar": {
    "jarName": "AetherVillages-1.21.1-1.0.8-neoforge.jar",
    "modId": "aether_villages",
    "version": "1.0.8"
  },
  "AI-Improvements-1.21-0.5.3.jar": {
    "jarName": "AI-Improvements-1.21-0.5.3.jar",
    "modId": "aiimprovements",
    "version": "0.5.3"
  },
  "allthearcanistgear-1.21.1-21.3.2.jar": {
    "jarName": "allthearcanistgear-1.21.1-21.3.2.jar",
    "modId": "allthearcanistgear",
    "version": "1.21.1-21.3.2"
  },
  "alltheleaks-1.0.1+1.21.1-neoforge.jar": {
    "jarName": "alltheleaks-1.0.1+1.21.1-neoforge.jar",
    "modId": "alltheleaks",
    "version": "1.0.1+1.21.1-neoforge"
  },
  "allthemodium-2.9.3_mc_1.21.1.jar": {
    "jarName": "allthemodium-2.9.3_mc_1.21.1.jar",
    "modId": "allthemodium",
    "version": "2.9.3"
  },
  "alltheores-3.1.7_neoforge_1.21.1.jar": {
    "jarName": "alltheores-3.1.7_neoforge_1.21.1.jar",
    "modId": "alltheores",
    "version": "3.1.7"
  },
  "allthetweaks-1.21.1-2.6.8.jar": {
    "jarName": "allthetweaks-1.21.1-2.6.8.jar",
    "modId": "allthetweaks",
    "version": "2.6.8"
  },
  "allthewizardgear-1.21.1-1.1.11.jar": {
    "jarName": "allthewizardgear-1.21.1-1.1.11.jar",
    "modId": "allthewizardgear",
    "version": "1.21.1-1.1.11"
  },
  "almanac-1.21.x-neoforge-1.0.2.jar": {
    "jarName": "almanac-1.21.x-neoforge-1.0.2.jar",
    "modId": "almanac",
    "version": "1.0.2"
  },
  "almostunified-neoforge-1.21.1-1.3.0.jar": {
    "jarName": "almostunified-neoforge-1.21.1-1.3.0.jar",
    "modId": "almostunified",
    "version": "1.21.1-1.3.0"
  },
  "alternate_current-mc1.21-1.9.0.jar": {
    "jarName": "alternate_current-mc1.21-1.9.0.jar",
    "modId": "alternate_current",
    "version": "1.9.0"
  },
  "AmbientSounds_NEOFORGE_v6.2.0_mc1.21.1.jar": {
    "jarName": "AmbientSounds_NEOFORGE_v6.2.0_mc1.21.1.jar",
    "modId": "ambientsounds",
    "version": "6.2.0"
  },
  "amendments-1.21-2.0.5-neoforge.jar": {
    "jarName": "amendments-1.21-2.0.5-neoforge.jar",
    "modId": "amendments",
    "version": "1.21-2.0.5"
  },
  "Amplified_Nether_1.21.x_v1.2.11.jar": {
    "jarName": "Amplified_Nether_1.21.x_v1.2.11.jar",
    "modId": "amplified_nether",
    "version": "1.2.11"
  },
  "anvilrepairing-neoforge-1.21.1-21.1.1.jar": {
    "jarName": "anvilrepairing-neoforge-1.21.1-21.1.1.jar",
    "modId": "anvilrepairing",
    "version": "21.1.1"
  },
  "Apotheosis-1.21.1-8.4.0.jar": {
    "jarName": "Apotheosis-1.21.1-8.4.0.jar",
    "modId": "apotheosis",
    "version": "8.4.0"
  },
  "ApothicAttributes-1.21.1-2.9.0.jar": {
    "jarName": "ApothicAttributes-1.21.1-2.9.0.jar",
    "modId": "apothic_attributes",
    "version": "2.9.0"
  },
  "apothiccombat-1.2.1.jar": {
    "jarName": "apothiccombat-1.2.1.jar",
    "modId": "apothiccombat",
    "version": "1.2.1"
  },
  "ApothicEnchanting-1.21.1-1.5.0.jar": {
    "jarName": "ApothicEnchanting-1.21.1-1.5.0.jar",
    "modId": "apothic_enchanting",
    "version": "1.5.0"
  },
  "ApothicSpawners-1.21.1-1.3.2.jar": {
    "jarName": "ApothicSpawners-1.21.1-1.3.2.jar",
    "modId": "apothic_spawners",
    "version": "1.3.2"
  },
  "appleskin-neoforge-mc1.21-3.0.7.jar": {
    "jarName": "appleskin-neoforge-mc1.21-3.0.7.jar",
    "modId": "appleskin",
    "version": "3.0.7+mc1.21"
  },
  "appliedenergistics2-19.2.15.jar": {
    "jarName": "appliedenergistics2-19.2.15.jar",
    "modId": "ae2",
    "version": "19.2.15"
  },
  "ArcaneLanterns-v21.1.0-1.21.1-NeoForge.jar": {
    "jarName": "ArcaneLanterns-v21.1.0-1.21.1-NeoForge.jar",
    "modId": "arcanelanterns",
    "version": "21.1.0"
  },
  "architectury-13.0.8-neoforge.jar": {
    "jarName": "architectury-13.0.8-neoforge.jar",
    "modId": "architectury",
    "version": "13.0.8"
  },
  "ArmorStatues-v21.1.0-1.21.1-NeoForge.jar": {
    "jarName": "ArmorStatues-v21.1.0-1.21.1-NeoForge.jar",
    "modId": "armorstatues",
    "version": "21.1.0"
  },
  "ars_additions-1.21.1-21.2.3.jar": {
    "jarName": "ars_additions-1.21.1-21.2.3.jar",
    "modId": "ars_additions",
    "version": "1.21.1-21.2.3"
  },
  "ars_controle-1.21.1-1.6.9.jar": {
    "jarName": "ars_controle-1.21.1-1.6.9.jar",
    "modId": "ars_controle",
    "version": "1.21.1-1.6.9"
  },
  "ars_creo-1.21.1-5.1.0.jar": {
    "jarName": "ars_creo-1.21.1-5.1.0.jar",
    "modId": "ars_creo",
    "version": "5.1.0"
  },
  "ars_elemancy-1.21.1-1.10.jar": {
    "jarName": "ars_elemancy-1.21.1-1.10.jar",
    "modId": "ars_elemancy",
    "version": "1.10"
  },
  "ars_elemental-1.21.1-0.7.5.0.1.jar": {
    "jarName": "ars_elemental-1.21.1-0.7.5.0.1.jar",
    "modId": "ars_elemental",
    "version": "0.7.5.0.1"
  },
  "ars_nouveau-1.21.1-5.10.3.jar": {
    "jarName": "ars_nouveau-1.21.1-5.10.3.jar",
    "modId": "ars_nouveau",
    "version": "5.10.3"
  },
  "ars_ocultas-1.21.1-2.2.0.jar": {
    "jarName": "ars_ocultas-1.21.1-2.2.0.jar",
    "modId": "ars_ocultas",
    "version": "2.2.0"
  },
  "ars_polymorphia-1.0.3.jar": {
    "jarName": "ars_polymorphia-1.0.3.jar",
    "modId": "ars_polymorphia",
    "version": "1.0.3"
  },
  "ars_technica-1.21.1-2.3.0.jar": {
    "jarName": "ars_technica-1.21.1-2.3.0.jar",
    "modId": "ars_technica",
    "version": "2.3.0"
  },
  "arsdelight-2.1.8.jar": {
    "jarName": "arsdelight-2.1.8.jar",
    "modId": "arsdelight",
    "version": "2.1.8"
  },
  "arseng-2.1.1-beta.jar": {
    "jarName": "arseng-2.1.1-beta.jar",
    "modId": "arseng",
    "version": "2.1.1-beta"
  },
  "artifacts-neoforge-13.0.7.jar": {
    "jarName": "artifacts-neoforge-13.0.7.jar",
    "modId": "artifacts",
    "version": "13.0.7"
  },
  "athena-neoforge-1.21-4.0.2.jar": {
    "jarName": "athena-neoforge-1.21-4.0.2.jar",
    "modId": "athena",
    "version": "4.0.2"
  },
  "attributefix-neoforge-1.21.1-21.1.2.jar": {
    "jarName": "attributefix-neoforge-1.21.1-21.1.2.jar",
    "modId": "attributefix",
    "version": "21.1.2"
  },
  "azurelib-neo-1.21.1-3.0.27.jar": {
    "jarName": "azurelib-neo-1.21.1-3.0.27.jar",
    "modId": "azurelib",
    "version": "3.0.27"
  },
  "BagOfHolding-v21.1.1-1.21.1-NeoForge.jar": {
    "jarName": "BagOfHolding-v21.1.1-1.21.1-NeoForge.jar",
    "modId": "bagofholding",
    "version": "21.1.1"
  },
  "baguettelib-1.21.1-NeoForge-1.1.0.jar": {
    "jarName": "baguettelib-1.21.1-NeoForge-1.1.0.jar",
    "modId": "baguettelib",
    "version": "1.1.0"
  },
  "balm-neoforge-1.21.1-21.0.49.jar": {
    "jarName": "balm-neoforge-1.21.1-21.0.49.jar",
    "modId": "balm",
    "version": "21.0.49"
  },
  "basicweapons-neoforge-2.1.2+1.21.1.jar": {
    "jarName": "basicweapons-neoforge-2.1.2+1.21.1.jar",
    "modId": "basicweapons",
    "version": "2.1.2+1.21.1"
  },
  "bellsandwhistles-0.4.7-1.21.1.jar": {
    "jarName": "bellsandwhistles-0.4.7-1.21.1.jar",
    "modId": "bellsandwhistles",
    "version": "0.4.7-1.21.1"
  },
  "better_weaponry-1.1.3-neoforge-1.21.1.jar": {
    "jarName": "better_weaponry-1.1.3-neoforge-1.21.1.jar",
    "modId": "better_weaponry",
    "version": "1.1.3"
  },
  "BetterAdvancements-NeoForge-1.21.1-0.4.3.21.jar": {
    "jarName": "BetterAdvancements-NeoForge-1.21.1-0.4.3.21.jar",
    "modId": "betteradvancements",
    "version": "0.4.3.21"
  },
  "BetterAnimationsCollection-v21.1.0-1.21.1-NeoForge.jar": {
    "jarName": "BetterAnimationsCollection-v21.1.0-1.21.1-NeoForge.jar",
    "modId": "betteranimationscollection",
    "version": "21.1.0"
  },
  "betterarcheology-neoforge-1.3.2.jar": {
    "jarName": "betterarcheology-neoforge-1.3.2.jar",
    "modId": "betterarcheology",
    "version": "1.3.2"
  },
  "bettercombat-neoforge-2.2.4+1.21.1.jar": {
    "jarName": "bettercombat-neoforge-2.2.4+1.21.1.jar",
    "modId": "bettercombat",
    "version": "2.2.4+1.21.1"
  },
  "BetterModsButton-v21.1.0-1.21.1-NeoForge.jar": {
    "jarName": "BetterModsButton-v21.1.0-1.21.1-NeoForge.jar",
    "modId": "bettermodsbutton",
    "version": "21.1.0"
  },
  "BetterTridents-v21.1.0-1.21.1-NeoForge.jar": {
    "jarName": "BetterTridents-v21.1.0-1.21.1-NeoForge.jar",
    "modId": "bettertridents",
    "version": "21.1.0"
  },
  "BetterTrims-3.2.8-neoforge+1.21.1.jar": {
    "jarName": "BetterTrims-3.2.8-neoforge+1.21.1.jar",
    "modId": "bettertrims",
    "version": "3.2.8"
  },
  "biomemusic-1.21-3.5.jar": {
    "jarName": "biomemusic-1.21-3.5.jar",
    "modId": "biomemusic",
    "version": "3.5"
  },
  "BiomesOPlenty-neoforge-1.21.1-21.1.0.12.jar": {
    "jarName": "BiomesOPlenty-neoforge-1.21.1-21.1.0.12.jar",
    "modId": "biomesoplenty",
    "version": "21.1.0.12"
  },
  "BlockRunner-v21.1.2-1.21.1-NeoForge.jar": {
    "jarName": "BlockRunner-v21.1.2-1.21.1-NeoForge.jar",
    "modId": "blockrunner",
    "version": "21.1.2"
  },
  "blockui-1.0.204-1.21.1-snapshot.jar": {
    "jarName": "blockui-1.0.204-1.21.1-snapshot.jar",
    "modId": "blockui",
    "version": "1.0.204-1.21.1-snapshot"
  },
  "bookshelf-neoforge-1.21.1-21.1.68.jar": {
    "jarName": "bookshelf-neoforge-1.21.1-21.1.68.jar",
    "modId": "bookshelf",
    "version": "21.1.68"
  },
  "broken_nametags-neoforge-0.1.1+1.20.6.jar": {
    "jarName": "broken_nametags-neoforge-0.1.1+1.20.6.jar",
    "modId": "broken_nametags",
    "version": "0.1.1"
  },
  "BuildingWands-neoforge-MC1.21-2.9.jar": {
    "jarName": "BuildingWands-neoforge-MC1.21-2.9.jar",
    "modId": "wands",
    "version": "2.9"
  },
  "caelus-neoforge-7.0.1+1.21.1.jar": {
    "jarName": "caelus-neoforge-7.0.1+1.21.1.jar",
    "modId": "caelus",
    "version": "7.0.1+1.21.1"
  },
  "carryon-neoforge-1.21.1-2.2.2.11.jar": {
    "jarName": "carryon-neoforge-1.21.1-2.2.2.11.jar",
    "modId": "carryon",
    "version": "2.2.2"
  },
  "cataclysm_spellbooks-1.1.9-1.21.jar": {
    "jarName": "cataclysm_spellbooks-1.1.9-1.21.jar",
    "modId": "cataclysm_spellbooks",
    "version": "1.1.9-1.21"
  },
  "charginggadgets-1.14.1.jar": {
    "jarName": "charginggadgets-1.14.1.jar",
    "modId": "charginggadgets",
    "version": "1.14.1"
  },
  "charmofundying-neoforge-9.1.0+1.21.1.jar": {
    "jarName": "charmofundying-neoforge-9.1.0+1.21.1.jar",
    "modId": "charmofundying",
    "version": "9.1.0+1.21.1"
  },
  "chat_heads-0.13.20-neoforge-1.21.jar": {
    "jarName": "chat_heads-0.13.20-neoforge-1.21.jar",
    "modId": "chat_heads",
    "version": "0.13.20"
  },
  "chipped-neoforge-1.21.1-4.0.2.jar": {
    "jarName": "chipped-neoforge-1.21.1-4.0.2.jar",
    "modId": "chipped",
    "version": "4.0.2"
  },
  "chisels-and-bits-neoforge-21.1.25.jar": {
    "jarName": "chisels-and-bits-neoforge-21.1.25.jar",
    "modId": "chiselsandbits",
    "version": "21.1.25"
  },
  "Chunky-NeoForge-1.4.23.jar": {
    "jarName": "Chunky-NeoForge-1.4.23.jar",
    "modId": "chunky",
    "version": "1.4.23"
  },
  "clientcrafting-1.21-1.8.jar": {
    "jarName": "clientcrafting-1.21-1.8.jar",
    "modId": "clientcrafting",
    "version": "1.8"
  },
  "ClimateRivers-v21.1.2-1.21.1-NeoForge.jar": {
    "jarName": "ClimateRivers-v21.1.2-1.21.1-NeoForge.jar",
    "modId": "climaterivers",
    "version": "21.1.2"
  },
  "cloth-config-15.0.140-neoforge.jar": {
    "jarName": "cloth-config-15.0.140-neoforge.jar",
    "modId": "cloth_config",
    "version": "15.0.140"
  },
  "Clumps-neoforge-1.21.1-19.0.0.1.jar": {
    "jarName": "Clumps-neoforge-1.21.1-19.0.0.1.jar",
    "modId": "clumps",
    "version": "19.0.0.1"
  },
  "cobweb-neoforge-1.21-1.3.3.jar": {
    "jarName": "cobweb-neoforge-1.21-1.3.3.jar",
    "modId": "cobweb",
    "version": "1.3.3"
  },
  "collective-1.21.1-8.3.jar": {
    "jarName": "collective-1.21.1-8.3.jar",
    "modId": "collective",
    "version": "8.3"
  },
  "combat_roll-neoforge-2.0.5+1.21.1.jar": {
    "jarName": "combat_roll-neoforge-2.0.5+1.21.1.jar",
    "modId": "combat_roll",
    "version": "2.0.5+1.21.1"
  },
  "CombatNouveau-v21.1.1-1.21.1-NeoForge.jar": {
    "jarName": "CombatNouveau-v21.1.1-1.21.1-NeoForge.jar",
    "modId": "combatnouveau",
    "version": "21.1.1"
  },
  "comforts-neoforge-9.0.4+1.21.1.jar": {
    "jarName": "comforts-neoforge-9.0.4+1.21.1.jar",
    "modId": "comforts",
    "version": "9.0.4+1.21.1"
  },
  "commoncapabilities-1.21.1-neoforge-2.9.12.jar": {
    "jarName": "commoncapabilities-1.21.1-neoforge-2.9.12.jar",
    "modId": "commoncapabilities",
    "version": "2.9.12"
  },
  "compactmachines-neoforge-7.0.22.jar": {
    "jarName": "compactmachines-neoforge-7.0.22.jar",
    "modId": "compactmachines",
    "version": "7.0.22"
  },
  "CompletionistsIndex-v21.1.0-1.21.1-NeoForge.jar": {
    "jarName": "CompletionistsIndex-v21.1.0-1.21.1-NeoForge.jar",
    "modId": "completionistsindex",
    "version": "21.1.0"
  },
  "configurable-3.2.5+1.21.1-neoforge.jar": {
    "jarName": "configurable-3.2.5+1.21.1-neoforge.jar",
    "modId": "configurable",
    "version": "3.2.5"
  },
  "configured-neoforge-1.21.1-2.6.0.jar": {
    "jarName": "configured-neoforge-1.21.1-2.6.0.jar",
    "modId": "configured",
    "version": "2.6.0"
  },
  "connectivity-1.21.1-7.1.jar": {
    "jarName": "connectivity-1.21.1-7.1.jar",
    "modId": "connectivity",
    "version": "7.1"
  },
  "Controlling-neoforge-1.21.1-19.0.5.jar": {
    "jarName": "Controlling-neoforge-1.21.1-19.0.5.jar",
    "modId": "controlling",
    "version": "19.0.5"
  },
  "ConvenientCuriosContainer-3.1_NeoForge-1.21.1.jar": {
    "jarName": "ConvenientCuriosContainer-3.1_NeoForge-1.21.1.jar",
    "modId": "convenientcurioscontainer",
    "version": "3.1"
  },
  "ConvenientEffects-v21.1.1-1.21.1-NeoForge.jar": {
    "jarName": "ConvenientEffects-v21.1.1-1.21.1-NeoForge.jar",
    "modId": "convenienteffects",
    "version": "21.1.1"
  },
  "cookingforblockheads-neoforge-1.21.1-21.1.16.jar": {
    "jarName": "cookingforblockheads-neoforge-1.21.1-21.1.16.jar",
    "modId": "cookingforblockheads",
    "version": "21.1.16"
  },
  "Corgilib-NeoForge-1.21.1-5.0.0.7.jar": {
    "jarName": "Corgilib-NeoForge-1.21.1-5.0.0.7.jar",
    "modId": "corgilib",
    "version": "5.0.0.7"
  },
  "coroutil-neoforge-1.21.0-1.3.8.jar": {
    "jarName": "coroutil-neoforge-1.21.0-1.3.8.jar",
    "modId": "coroutil",
    "version": "1.21.0-1.3.8"
  },
  "corpse-neoforge-1.21.1-1.1.10.jar": {
    "jarName": "corpse-neoforge-1.21.1-1.1.10.jar",
    "modId": "corpse",
    "version": "1.21.1-1.1.10"
  },
  "corpsecurioscompat-1.21.1-NeoForge-3.1.2.jar": {
    "jarName": "corpsecurioscompat-1.21.1-NeoForge-3.1.2.jar",
    "modId": "corpsecurioscompat",
    "version": "3.1.2"
  },
  "cosmeticarmorreworked-1.21.1-v1-neoforge.jar": {
    "jarName": "cosmeticarmorreworked-1.21.1-v1-neoforge.jar",
    "modId": "cosmeticarmorreworked",
    "version": "1.21.1-v1-neoforge"
  },
  "crafting_on_a_stick-1.21.0.2.jar": {
    "jarName": "crafting_on_a_stick-1.21.0.2.jar",
    "modId": "crafting_on_a_stick",
    "version": "1.21.0.2"
  },
  "craftingtweaks-neoforge-1.21.1-21.1.6.jar": {
    "jarName": "craftingtweaks-neoforge-1.21.1-21.1.6.jar",
    "modId": "craftingtweaks",
    "version": "21.1.6"
  },
  "CraftTweaker-neoforge-1.21.1-21.0.34.jar": {
    "jarName": "CraftTweaker-neoforge-1.21.1-21.0.34.jar",
    "modId": "crafttweaker",
    "version": "21.0.34"
  },
  "CrashAssistant-neoforge-1.20.6-1.21.4-1.9.15.jar": {
    "jarName": "CrashAssistant-neoforge-1.20.6-1.21.4-1.9.15.jar",
    "modId": "crash_assistant",
    "version": "1.9.15"
  },
  "Create Encased-1.21.1-1.7.2-fix1.jar": {
    "jarName": "Create Encased-1.21.1-1.7.2-fix1.jar",
    "modId": "createcasing",
    "version": "1.7.2-fix1"
  },
  "create-1.21.1-6.0.6.jar": {
    "jarName": "create-1.21.1-6.0.6.jar",
    "modId": "create",
    "version": "6.0.6"
  },
  "create-apothic-enchanting-0.1.0.jar": {
    "jarName": "create-apothic-enchanting-0.1.0.jar",
    "modId": "create_apothic_enchanting",
    "version": "0.1.0"
  },
  "create-central-kitchen-2.1.3.jar": {
    "jarName": "create-central-kitchen-2.1.3.jar",
    "modId": "create_central_kitchen",
    "version": "2.1.3"
  },
  "create-dragons-plus-1.6.1.jar": {
    "jarName": "create-dragons-plus-1.6.1.jar",
    "modId": "create_dragons_plus",
    "version": "1.6.1"
  },
  "create-enchantment-industry-2.1.7.jar": {
    "jarName": "create-enchantment-industry-2.1.7.jar",
    "modId": "create_enchantment_industry",
    "version": "2.1.7"
  },
  "create-stuff-additions1.21.1_v2.1.0e.jar": {
    "jarName": "create-stuff-additions1.21.1_v2.1.0e.jar",
    "modId": "create_sa",
    "version": "2.1.0."
  },
  "create_complex_recipes-1.0.4-neoforge-1.21.1.jar": {
    "jarName": "create_complex_recipes-1.0.4-neoforge-1.21.1.jar",
    "modId": "create_complex_recipes",
    "version": "1.0.4"
  },
  "create_jetpack_curios-1.2.0-neoforge-1.21.1.jar": {
    "jarName": "create_jetpack_curios-1.2.0-neoforge-1.21.1.jar",
    "modId": "create_jetpack_curios",
    "version": "1.2.0"
  },
  "createaddition-1.5.2.jar": {
    "jarName": "createaddition-1.5.2.jar",
    "modId": "createaddition",
    "version": "1.5.2"
  },
  "createbetterfps-1.21.1-1.1.1.jar": {
    "jarName": "createbetterfps-1.21.1-1.1.1.jar",
    "modId": "createbetterfps",
    "version": "1.1.1"
  },
  "createcontraptionterminals-1.21-1.2.0.jar": {
    "jarName": "createcontraptionterminals-1.21-1.2.0.jar",
    "modId": "createcontraptionterminals"
  },
  "createdieselgenerators-1.21.1-1.3.5.jar": {
    "jarName": "createdieselgenerators-1.21.1-1.3.5.jar",
    "modId": "createdieselgenerators",
    "version": "1.21.1-1.3.5"
  },
  "createoreexcavation-1.21-1.6.4.jar": {
    "jarName": "createoreexcavation-1.21-1.6.4.jar",
    "modId": "createoreexcavation"
  },
  "CreativeCore_NEOFORGE_v2.13.10_mc1.21.1.jar": {
    "jarName": "CreativeCore_NEOFORGE_v2.13.10_mc1.21.1.jar",
    "modId": "creativecore",
    "version": "2.13.10"
  },
  "CreeperOverhaul-neoforge-1.21.1-4.0.6.jar": {
    "jarName": "CreeperOverhaul-neoforge-1.21.1-4.0.6.jar",
    "modId": "creeperoverhaul",
    "version": "4.0.6"
  },
  "cristellib-neoforge-1.2.8.jar": {
    "jarName": "cristellib-neoforge-1.2.8.jar",
    "modId": "cristellib",
    "version": "1.2.8"
  },
  "CTM-1.21-1.2.1+3.jar": {
    "jarName": "CTM-1.21-1.2.1+3.jar",
    "modId": "ctm",
    "version": "1.21-1.2.1+3"
  },
  "Cucumber-1.21.1-8.0.14.jar": {
    "jarName": "Cucumber-1.21.1-8.0.14.jar",
    "modId": "cucumber",
    "version": "8.0.14"
  },
  "cupboard-1.21-2.9.jar": {
    "jarName": "cupboard-1.21-2.9.jar",
    "modId": "cupboard",
    "version": "2.9"
  },
  "curios-neoforge-9.5.1+1.21.1.jar": {
    "jarName": "curios-neoforge-9.5.1+1.21.1.jar",
    "modId": "curios",
    "version": "9.5.1+1.21.1"
  },
  "CutThrough-v21.1.0-1.21.1-NeoForge.jar": {
    "jarName": "CutThrough-v21.1.0-1.21.1-NeoForge.jar",
    "modId": "cutthrough",
    "version": "21.1.0"
  },
  "cyclopscore-1.21.1-neoforge-1.26.2-808.jar": {
    "jarName": "cyclopscore-1.21.1-neoforge-1.26.2-808.jar",
    "modId": "cyclopscore",
    "version": "1.26.2"
  },
  "deep_aether-1.21.1-1.1.4.jar": {
    "jarName": "deep_aether-1.21.1-1.1.4.jar",
    "modId": "deep_aether",
    "version": "1.1.4"
  },
  "deeperdarker-neoforge-1.21.1-1.3.5.jar": {
    "jarName": "deeperdarker-neoforge-1.21.1-1.3.5.jar",
    "modId": "deeperdarker",
    "version": "1.3.5"
  },
  "deimos-1.21.1-neoforge-2.2.jar": {
    "jarName": "deimos-1.21.1-neoforge-2.2.jar",
    "modId": "deimos",
    "version": "2.2"
  },
  "DiagonalFences-v21.1.1-1.21.1-NeoForge.jar": {
    "jarName": "DiagonalFences-v21.1.1-1.21.1-NeoForge.jar",
    "modId": "diagonalfences",
    "version": "21.1.1"
  },
  "DiagonalWalls-v21.1.2-1.21.1-NeoForge.jar": {
    "jarName": "DiagonalWalls-v21.1.2-1.21.1-NeoForge.jar",
    "modId": "diagonalwalls",
    "version": "21.1.2"
  },
  "DiagonalWindows-v21.1.1-1.21.1-NeoForge.jar": {
    "jarName": "DiagonalWindows-v21.1.1-1.21.1-NeoForge.jar",
    "modId": "diagonalwindows",
    "version": "21.1.1"
  },
  "disenchanting_table-merged-1.21.1-5.0.2.jar": {
    "jarName": "disenchanting_table-merged-1.21.1-5.0.2.jar",
    "modId": "disenchanting_table",
    "version": "5.0.2"
  },
  "distractingtrims-neoforge-1.21.1-21.1.1.jar": {
    "jarName": "distractingtrims-neoforge-1.21.1-21.1.1.jar",
    "modId": "distractingtrims",
    "version": "21.1.1"
  },
  "distraction_free_recipes-neoforge-1.2.1-1.21.1.jar": {
    "jarName": "distraction_free_recipes-neoforge-1.2.1-1.21.1.jar",
    "modId": "distraction_free_recipes",
    "version": "1.2.1"
  },
  "domum-ornamentum-1.0.221-snapshot-main.jar": {
    "jarName": "domum-ornamentum-1.0.221-snapshot-main.jar",
    "modId": "domum_ornamentum",
    "version": "1.0.221-snapshot"
  },
  "doubledoors-1.21.1-7.1.jar": {
    "jarName": "doubledoors-1.21.1-7.1.jar",
    "modId": "doubledoors",
    "version": "7.1"
  },
  "dummmmmmy-1.21-2.0.9-neoforge.jar": {
    "jarName": "dummmmmmy-1.21-2.0.9-neoforge.jar",
    "modId": "dummmmmmy",
    "version": "1.21-2.0.9"
  },
  "DungeonCrawl-NeoForge-1.21-2.3.15.jar": {
    "jarName": "DungeonCrawl-NeoForge-1.21-2.3.15.jar",
    "modId": "dungeoncrawl",
    "version": "2.3.15"
  },
  "durabilitytooltip-1.1.6-neoforge-mc1.21.jar": {
    "jarName": "durabilitytooltip-1.1.6-neoforge-mc1.21.jar",
    "modId": "durabilitytooltip",
    "version": "1.1.6"
  },
  "dynamictrees-neoforge-1.21.1-1.5.0-BETA07.jar": {
    "jarName": "dynamictrees-neoforge-1.21.1-1.5.0-BETA07.jar",
    "modId": "dynamictrees",
    "version": "1.5.0-BETA07"
  },
  "dynamictreesplus-1.3.0-BETA02.jar": {
    "jarName": "dynamictreesplus-1.3.0-BETA02.jar",
    "modId": "dynamictreesplus",
    "version": "1.3.0-BETA02"
  },
  "easy-villagers-neoforge-1.21.1-1.1.35.jar": {
    "jarName": "easy-villagers-neoforge-1.21.1-1.1.35.jar",
    "modId": "easy_villagers",
    "version": "1.21.1-1.1.35"
  },
  "EasyAnvils-v21.1.0-1.21.1-NeoForge.jar": {
    "jarName": "EasyAnvils-v21.1.0-1.21.1-NeoForge.jar",
    "modId": "easyanvils",
    "version": "21.1.0"
  },
  "EasyMagic-v21.1.0-1.21.1-NeoForge.jar": {
    "jarName": "EasyMagic-v21.1.0-1.21.1-NeoForge.jar",
    "modId": "easymagic",
    "version": "21.1.0"
  },
  "EasyShulkerBoxes-v21.1.3-1.21.1-NeoForge.jar": {
    "jarName": "EasyShulkerBoxes-v21.1.3-1.21.1-NeoForge.jar",
    "modId": "easyshulkerboxes",
    "version": "21.1.3"
  },
  "ec_ars_plugin-1.21.1-1.0.5.jar": {
    "jarName": "ec_ars_plugin-1.21.1-1.0.5.jar",
    "modId": "ec_ars_plugin",
    "version": "1.0.5"
  },
  "EffectDescriptions-v21.1.1-1.21.1-NeoForge.jar": {
    "jarName": "EffectDescriptions-v21.1.1-1.21.1-NeoForge.jar",
    "modId": "effectdescriptions",
    "version": "21.1.1"
  },
  "elytraslot-neoforge-9.0.2+1.21.1.jar": {
    "jarName": "elytraslot-neoforge-9.0.2+1.21.1.jar",
    "modId": "elytraslot",
    "version": "9.0.2+1.21.1"
  },
  "elytratrims-neoforge-3.5.9+1.21.1.jar": {
    "jarName": "elytratrims-neoforge-3.5.9+1.21.1.jar",
    "modId": "elytratrims",
    "version": "3.5.9"
  },
  "emi-1.1.22+1.21.1+neoforge.jar": {
    "jarName": "emi-1.1.22+1.21.1+neoforge.jar",
    "modId": "emi",
    "version": "1.1.22+1.21.1+neoforge"
  },
  "emi_loot-0.7.6+1.21+neoforge.jar": {
    "jarName": "emi_loot-0.7.6+1.21+neoforge.jar",
    "modId": "emi_loot",
    "version": "0.7.6+1.21+neoforge"
  },
  "EnchantingInfuser-v21.1.2-1.21.1-NeoForge.jar": {
    "jarName": "EnchantingInfuser-v21.1.2-1.21.1-NeoForge.jar",
    "modId": "enchantinginfuser",
    "version": "21.1.2"
  },
  "enchdesc-neoforge-1.21.1-21.1.8.jar": {
    "jarName": "enchdesc-neoforge-1.21.1-21.1.8.jar",
    "modId": "enchdesc",
    "version": "21.1.8"
  },
  "enderio-7.1.8-alpha.jar": {
    "jarName": "enderio-7.1.8-alpha.jar",
    "modId": "enderio",
    "version": "7.1.8-alpha"
  },
  "entity_model_features_1.21-neoforge-3.0.1.jar": {
    "jarName": "entity_model_features_1.21-neoforge-3.0.1.jar",
    "modId": "entity_model_features",
    "version": "3.0.1"
  },
  "entity_texture_features_1.21-neoforge-7.0.1.jar": {
    "jarName": "entity_texture_features_1.21-neoforge-7.0.1.jar",
    "modId": "entity_texture_features",
    "version": "7.0.1"
  },
  "EquipmentCompare-1.21.1-neoforge-1.3.13.jar": {
    "jarName": "EquipmentCompare-1.21.1-neoforge-1.3.13.jar",
    "modId": "equipmentcompare",
    "version": "1.3.13"
  },
  "escalated-1.1.0-create.6.0.6-mc.1.21.1-neoforge.jar": {
    "jarName": "escalated-1.1.0-create.6.0.6-mc.1.21.1-neoforge.jar",
    "modId": "escalated",
    "version": "1.1.0"
  },
  "eternalstarlight-0.5.1+1.21.1+neoforge.jar": {
    "jarName": "eternalstarlight-0.5.1+1.21.1+neoforge.jar",
    "modId": "eternal_starlight",
    "version": "0.5.1+1.21.1+neoforge"
  },
  "everythingcopper-1.21.1-2.4.3.jar": {
    "jarName": "everythingcopper-1.21.1-2.4.3.jar",
    "modId": "everythingcopper",
    "version": "1.21.1-2.4.3"
  },
  "evilcraft-1.21.1-neoforge-1.2.78.jar": {
    "jarName": "evilcraft-1.21.1-neoforge-1.2.78.jar",
    "modId": "evilcraft",
    "version": "1.2.78"
  },
  "expanded_combat-1.21.1-3.3.10.jar": {
    "jarName": "expanded_combat-1.21.1-3.3.10.jar",
    "modId": "expanded_combat",
    "version": "3.3.10"
  },
  "ExplorersCompass-1.21.1-3.0.3-neoforge.jar": {
    "jarName": "ExplorersCompass-1.21.1-3.0.3-neoforge.jar",
    "modId": "explorerscompass",
    "version": "1.21.1-3.0.3-neoforge"
  },
  "Explorify v1.6.2 f10-48.jar": {
    "jarName": "Explorify v1.6.2 f10-48.jar",
    "modId": "explorify",
    "version": "1.6.2"
  },
  "exposure-neoforge-1.21.1-1.9.10.jar": {
    "jarName": "exposure-neoforge-1.21.1-1.9.10.jar",
    "modId": "exposure",
    "version": "1.9.10"
  },
  "farmers-cutting-biomes-o-plenty-2.0.0-1.21.jar": {
    "jarName": "farmers-cutting-biomes-o-plenty-2.0.0-1.21.jar",
    "modId": "fcbop",
    "version": "2.0.0"
  },
  "farmers-cutting-collection-1.21.1-1.0-neoforge.jar": {
    "jarName": "farmers-cutting-collection-1.21.1-1.0-neoforge.jar",
    "modId": "mr_farmers_cuttingcollection",
    "version": "1.21.1-1.0-neoforge"
  },
  "farmers-cutting-oh-the-biomes-weve-gone-1.21.1-2.1-neoforge.jar": {
    "jarName": "farmers-cutting-oh-the-biomes-weve-gone-1.21.1-2.1-neoforge.jar",
    "modId": "mr_farmers_cuttingohthebiomeswevegone",
    "version": "1.21.1-2.1-neoforge"
  },
  "FarmersDelight-1.21.1-1.2.9.jar": {
    "jarName": "FarmersDelight-1.21.1-1.2.9.jar",
    "modId": "farmersdelight",
    "version": "1.2.9"
  },
  "farmersexpanse-0.0.7c.jar": {
    "jarName": "farmersexpanse-0.0.7c.jar",
    "modId": "farmersexpanse",
    "version": "0.0.7c"
  },
  "FarmersStructures-1.0.1-1.21.1_neoforge.jar": {
    "jarName": "FarmersStructures-1.0.1-1.21.1_neoforge.jar",
    "modId": "farmers_structures",
    "version": "1.0.0"
  },
  "farmingforblockheads-neoforge-1.21.1-21.1.8.jar": {
    "jarName": "farmingforblockheads-neoforge-1.21.1-21.1.8.jar",
    "modId": "farmingforblockheads",
    "version": "21.1.8"
  },
  "FastFurnace-1.21.1-9.0.1.jar": {
    "jarName": "FastFurnace-1.21.1-9.0.1.jar",
    "modId": "fastfurnace",
    "version": "9.0.1"
  },
  "FastSuite-1.21.1-6.0.5.jar": {
    "jarName": "FastSuite-1.21.1-6.0.5.jar",
    "modId": "fastsuite",
    "version": "6.0.5"
  },
  "FastWorkbench-1.21.1-9.1.3.jar": {
    "jarName": "FastWorkbench-1.21.1-9.1.3.jar",
    "modId": "fastbench",
    "version": "9.1.3"
  },
  "ferritecore-7.0.2-neoforge.jar": {
    "jarName": "ferritecore-7.0.2-neoforge.jar",
    "modId": "ferritecore",
    "version": "7.0.2"
  },
  "firstperson-neoforge-2.5.0-mc1.21.jar": {
    "jarName": "firstperson-neoforge-2.5.0-mc1.21.jar",
    "modId": "firstperson",
    "version": "2.5.0"
  },
  "forbidden_arcanus-2.6.1.jar": {
    "jarName": "forbidden_arcanus-2.6.1.jar",
    "modId": "forbidden_arcanus",
    "version": "2.6.1"
  },
  "ForgeConfigAPIPort-v21.1.4-1.21.1-NeoForge.jar": {
    "jarName": "ForgeConfigAPIPort-v21.1.4-1.21.1-NeoForge.jar",
    "modId": "forgeconfigapiport",
    "version": "21.1.4"
  },
  "forgified-fabric-api-0.115.6+2.1.1+1.21.1.jar": {
    "jarName": "forgified-fabric-api-0.115.6+2.1.1+1.21.1.jar",
    "modId": "fabric_api",
    "version": "0.115.6+2.1.1+1.21.1"
  },
  "framework-neoforge-1.21.1-0.9.6.jar": {
    "jarName": "framework-neoforge-1.21.1-0.9.6.jar",
    "modId": "framework",
    "version": "0.9.6"
  },
  "ftb-chunks-neoforge-2101.1.10.jar": {
    "jarName": "ftb-chunks-neoforge-2101.1.10.jar",
    "modId": "ftbchunks",
    "version": "2101.1.10"
  },
  "ftb-essentials-neoforge-2101.1.6.jar": {
    "jarName": "ftb-essentials-neoforge-2101.1.6.jar",
    "modId": "ftbessentials",
    "version": "2101.1.6"
  },
  "ftb-jei-extras-21.1.7.jar": {
    "jarName": "ftb-jei-extras-21.1.7.jar",
    "modId": "ftbjeiextras",
    "version": "21.1.7"
  },
  "ftb-library-neoforge-2101.1.19.jar": {
    "jarName": "ftb-library-neoforge-2101.1.19.jar",
    "modId": "ftblibrary",
    "version": "2101.1.19"
  },
  "ftb-quests-neoforge-2101.1.14.jar": {
    "jarName": "ftb-quests-neoforge-2101.1.14.jar",
    "modId": "ftbquests",
    "version": "2101.1.14"
  },
  "ftb-ranks-neoforge-2101.1.3.jar": {
    "jarName": "ftb-ranks-neoforge-2101.1.3.jar",
    "modId": "ftbranks",
    "version": "2101.1.3"
  },
  "ftb-teams-neoforge-2101.1.4.jar": {
    "jarName": "ftb-teams-neoforge-2101.1.4.jar",
    "modId": "ftbteams",
    "version": "2101.1.4"
  },
  "ftb-ultimine-neoforge-2101.1.9.jar": {
    "jarName": "ftb-ultimine-neoforge-2101.1.9.jar",
    "modId": "ftbultimine",
    "version": "2101.1.9"
  },
  "ftb-xmod-compat-neoforge-21.1.5.jar": {
    "jarName": "ftb-xmod-compat-neoforge-21.1.5.jar",
    "modId": "ftbxmodcompat",
    "version": "21.1.5"
  },
  "FTBQuestsOptimizer-neoforge-3.1.0-1.21.1.jar": {
    "jarName": "FTBQuestsOptimizer-neoforge-3.1.0-1.21.1.jar",
    "modId": "ftbqopt",
    "version": "3.1.0-1.21.1"
  },
  "functionalarmortrim-neoforge-1.21-1.jar": {
    "jarName": "functionalarmortrim-neoforge-1.21-1.jar",
    "modId": "functionalarmortrim",
    "version": "1"
  },
  "fusion-1.2.11a-neoforge-mc1.21.jar": {
    "jarName": "fusion-1.2.11a-neoforge-mc1.21.jar",
    "modId": "fusion",
    "version": "1.2.11+a"
  },
  "fzzy_config-0.7.2+1.21+neoforge.jar": {
    "jarName": "fzzy_config-0.7.2+1.21+neoforge.jar",
    "modId": "fzzy_config",
    "version": "0.7.2+1.21+neoforge"
  },
  "geckolib-neoforge-1.21.1-4.7.7.jar": {
    "jarName": "geckolib-neoforge-1.21.1-4.7.7.jar",
    "modId": "geckolib",
    "version": "4.7.7"
  },
  "generatorgalore-1.21.1-1.6.3.jar": {
    "jarName": "generatorgalore-1.21.1-1.6.3.jar",
    "modId": "generatorgalore",
    "version": "1.21.1-1.6.3"
  },
  "getittogetherdrops-neoforge-1.21.5-1.4.jar": {
    "jarName": "getittogetherdrops-neoforge-1.21.5-1.4.jar",
    "modId": "getittogetherdrops",
    "version": "1.4"
  },
  "GlitchCore-neoforge-1.21.1-2.1.0.0.jar": {
    "jarName": "GlitchCore-neoforge-1.21.1-2.1.0.0.jar",
    "modId": "glitchcore",
    "version": "2.1.0.0"
  },
  "goblintraders-neoforge-1.21.1-1.11.2.jar": {
    "jarName": "goblintraders-neoforge-1.21.1-1.11.2.jar",
    "modId": "goblintraders",
    "version": "1.11.2"
  },
  "GoldenAgeCombat-v21.1.2-1.21.1-NeoForge.jar": {
    "jarName": "GoldenAgeCombat-v21.1.2-1.21.1-NeoForge.jar",
    "modId": "goldenagecombat",
    "version": "21.1.2"
  },
  "gpumemleakfix-1.21-1.8.jar": {
    "jarName": "gpumemleakfix-1.21-1.8.jar",
    "modId": "gpumemleakfix",
    "version": "1.8"
  },
  "guideme-21.1.14.jar": {
    "jarName": "guideme-21.1.14.jar",
    "modId": "guideme",
    "version": "21.1.14"
  },
  "handcrafted-neoforge-1.21.1-4.0.3.jar": {
    "jarName": "handcrafted-neoforge-1.21.1-4.0.3.jar",
    "modId": "handcrafted",
    "version": "4.0.3"
  },
  "HeldItemTooltips-v21.1.0-1.21.1-NeoForge.jar": {
    "jarName": "HeldItemTooltips-v21.1.0-1.21.1-NeoForge.jar",
    "modId": "helditemtooltips",
    "version": "21.1.0"
  },
  "Highlighter-1.21-neoforge-1.1.11.jar": {
    "jarName": "Highlighter-1.21-neoforge-1.1.11.jar",
    "modId": "highlighter",
    "version": "1.1.11"
  },
  "HopperGadgetry-v21.1.2-1.21.1-NeoForge.jar": {
    "jarName": "HopperGadgetry-v21.1.2-1.21.1-NeoForge.jar",
    "modId": "hoppergadgetry",
    "version": "21.1.2"
  },
  "HorseExpert-v21.1.0-1.21.1-NeoForge.jar": {
    "jarName": "HorseExpert-v21.1.0-1.21.1-NeoForge.jar",
    "modId": "horseexpert",
    "version": "21.1.0"
  },
  "Iceberg-1.21.1-neoforge-1.3.2.jar": {
    "jarName": "Iceberg-1.21.1-neoforge-1.3.2.jar",
    "modId": "iceberg",
    "version": "1.3.2"
  },
  "ImmediatelyFast-NeoForge-1.6.6+1.21.1.jar": {
    "jarName": "ImmediatelyFast-NeoForge-1.6.6+1.21.1.jar",
    "modId": "immediatelyfast",
    "version": "1.6.6+1.21.1"
  },
  "immersive_portals-6.0.7-all.jar": {
    "jarName": "immersive_portals-6.0.7-all.jar",
    "modId": "immersive_portals_core",
    "version": "6.0.7"
  },
  "immersivesnow-1.21.1-1.4.0.jar": {
    "jarName": "immersivesnow-1.21.1-1.4.0.jar",
    "modId": "immersivesnow",
    "version": "1.4.0"
  },
  "ImmersiveUI-NEOFORGE-0.3.3+1.21.1.jar": {
    "jarName": "ImmersiveUI-NEOFORGE-0.3.3+1.21.1.jar",
    "modId": "immersiveui",
    "version": "0.3.3"
  },
  "Incendium_1.21.x_v5.4.4.jar": {
    "jarName": "Incendium_1.21.x_v5.4.4.jar",
    "modId": "incendium",
    "version": "5.4.3"
  },
  "industrialforegoing-1.21-3.6.34.jar": {
    "jarName": "industrialforegoing-1.21-3.6.34.jar",
    "modId": "industrialforegoing",
    "version": "1.21-3.6.34"
  },
  "integratedcrafting-1.21.1-neoforge-1.2.3-349.jar": {
    "jarName": "integratedcrafting-1.21.1-neoforge-1.2.3-349.jar",
    "modId": "integratedcrafting",
    "version": "1.2.3"
  },
  "integrateddynamics-1.21.1-neoforge-1.27.9-1308.jar": {
    "jarName": "integrateddynamics-1.21.1-neoforge-1.27.9-1308.jar",
    "modId": "integrateddynamics",
    "version": "1.27.9"
  },
  "integratedscripting-1.21.1-neoforge-1.0.18-283.jar": {
    "jarName": "integratedscripting-1.21.1-neoforge-1.0.18-283.jar",
    "modId": "integratedscripting",
    "version": "1.0.18"
  },
  "integratedterminals-1.21.1-neoforge-1.6.15.jar": {
    "jarName": "integratedterminals-1.21.1-neoforge-1.6.15.jar",
    "modId": "integratedterminals",
    "version": "1.6.15"
  },
  "integratedtunnels-1.21.1-neoforge-1.8.44-481.jar": {
    "jarName": "integratedtunnels-1.21.1-neoforge-1.8.44-481.jar",
    "modId": "integratedtunnels",
    "version": "1.8.44"
  },
  "inventorysorter-1.21-24.0.20.jar": {
    "jarName": "inventorysorter-1.21-24.0.20.jar",
    "modId": "inventorysorter",
    "version": "24.0.20"
  },
  "iris-neoforge-1.8.12+mc1.21.1.jar": {
    "jarName": "iris-neoforge-1.8.12+mc1.21.1.jar",
    "modId": "iris",
    "version": "1.8.12-snapshot+mc1.21.1-local"
  },
  "IronJetpacks-1.21.1-8.0.10.jar": {
    "jarName": "IronJetpacks-1.21.1-8.0.10.jar",
    "modId": "ironjetpacks",
    "version": "8.0.10"
  },
  "irons_apothic-1.7.0.jar": {
    "jarName": "irons_apothic-1.7.0.jar",
    "modId": "irons_apothic",
    "version": "1.7.0"
  },
  "irons_spellbooks-1.21.1-3.14.3.jar": {
    "jarName": "irons_spellbooks-1.21.1-3.14.3.jar",
    "modId": "irons_spellbooks",
    "version": "1.21.1-3.14.3"
  },
  "Jade-1.21.1-NeoForge-15.10.3.jar": {
    "jarName": "Jade-1.21.1-NeoForge-15.10.3.jar",
    "modId": "jade",
    "version": "15.10.3+neoforge"
  },
  "JadeAddons-1.21.1-NeoForge-6.1.0.jar": {
    "jarName": "JadeAddons-1.21.1-NeoForge-6.1.0.jar",
    "modId": "jadeaddons",
    "version": "6.1.0+neoforge"
  },
  "jei-1.21.1-neoforge-19.22.1.316.jar": {
    "jarName": "jei-1.21.1-neoforge-19.22.1.316.jar",
    "modId": "jei",
    "version": "19.22.1.316"
  },
  "journeymap-neoforge-1.21.1-6.0.0-beta.52.jar": {
    "jarName": "journeymap-neoforge-1.21.1-6.0.0-beta.52.jar",
    "modId": "journeymap",
    "version": "1.21.1-6.0.0-beta.52"
  },
  "jrftl-1.21-neoforge-1.8.0.jar": {
    "jarName": "jrftl-1.21-neoforge-1.8.0.jar",
    "modId": "jrftl",
    "version": "1.8.0"
  },
  "justdirethings-1.5.5.jar": {
    "jarName": "justdirethings-1.5.5.jar",
    "modId": "justdirethings",
    "version": "1.5.5"
  },
  "justenoughbreeding-neoforge-1.21-1.21.1-1.6.2.jar": {
    "jarName": "justenoughbreeding-neoforge-1.21-1.21.1-1.6.2.jar",
    "modId": "justenoughbreeding",
    "version": "1.6.2"
  },
  "JustEnoughProfessions-neoforge-1.21.1-4.0.4.jar": {
    "jarName": "JustEnoughProfessions-neoforge-1.21.1-4.0.4.jar",
    "modId": "justenoughprofessions",
    "version": "4.0.4"
  },
  "JustEnoughResources-NeoForge-1.21.1-1.6.0.17.jar": {
    "jarName": "JustEnoughResources-NeoForge-1.21.1-1.6.0.17.jar",
    "modId": "jeresources",
    "version": "1.6.0.17"
  },
  "Kiwi-1.21.1-NeoForge-15.6.2.jar": {
    "jarName": "Kiwi-1.21.1-NeoForge-15.6.2.jar",
    "modId": "kiwi",
    "version": "15.6.2+neoforge"
  },
  "kotlinforforge-5.9.0-all.jar": {
    "jarName": "kotlinforforge-5.9.0-all.jar"
  },
  "kubejs-neoforge-2101.7.1-build.181.jar": {
    "jarName": "kubejs-neoforge-2101.7.1-build.181.jar",
    "modId": "kubejs",
    "version": "2101.7.1-build.181"
  },
  "kubejs_curios_neoforge_1.21.1-1.0.4.jar": {
    "jarName": "kubejs_curios_neoforge_1.21.1-1.0.4.jar",
    "modId": "kubejs_curios",
    "version": "1.0.4"
  },
  "L_Ender\u0027s Cataclysm 1.21.1-3.16.jar": {
    "jarName": "L_Ender\u0027s Cataclysm 1.21.1-3.16.jar",
    "modId": "cataclysm",
    "version": "3.16"
  },
  "LeaveMyBarsAlone-v21.1.2-1.21.1-NeoForge.jar": {
    "jarName": "LeaveMyBarsAlone-v21.1.2-1.21.1-NeoForge.jar",
    "modId": "leavemybarsalone",
    "version": "21.1.2"
  },
  "LeavesBeGone-v21.1.0-1.21.1-NeoForge.jar": {
    "jarName": "LeavesBeGone-v21.1.0-1.21.1-NeoForge.jar",
    "modId": "leavesbegone",
    "version": "21.1.0"
  },
  "LegendaryTooltips-1.21.1-neoforge-1.5.5.jar": {
    "jarName": "LegendaryTooltips-1.21.1-neoforge-1.5.5.jar",
    "modId": "legendarytooltips",
    "version": "1.5.5"
  },
  "letmedespawn-1.21.x-neoforge-1.5.0.jar": {
    "jarName": "letmedespawn-1.21.x-neoforge-1.5.0.jar",
    "modId": "letmedespawn",
    "version": "1.5.0"
  },
  "lionfishapi-2.6.jar": {
    "jarName": "lionfishapi-2.6.jar",
    "modId": "lionfishapi",
    "version": "2.6"
  },
  "lithostitched-neoforge-1.21.1-1.4.11.jar": {
    "jarName": "lithostitched-neoforge-1.21.1-1.4.11.jar",
    "modId": "lithostitched",
    "version": "1.4.11"
  },
  "lmft-1.0.4+1.21-neoforge.jar": {
    "jarName": "lmft-1.0.4+1.21-neoforge.jar",
    "modId": "lmft",
    "version": "1.0.4+1.21"
  },
  "logprot-1.21-3.5.jar": {
    "jarName": "logprot-1.21-3.5.jar",
    "modId": "logprot",
    "version": "3.5"
  },
  "lootintegrations-1.21.1-4.7.jar": {
    "jarName": "lootintegrations-1.21.1-4.7.jar",
    "modId": "lootintegrations",
    "version": "4.7"
  },
  "lootintegrations_yungs-1.4.jar": {
    "jarName": "lootintegrations_yungs-1.4.jar",
    "modId": "lootintegrations_yungs",
    "version": "1"
  },
  "lootjs-neoforge-1.21.1-3.4.3.jar": {
    "jarName": "lootjs-neoforge-1.21.1-3.4.3.jar",
    "modId": "lootjs",
    "version": "1.21.1-3.4.3"
  },
  "lootr-neoforge-1.21-1.10.35.91.jar": {
    "jarName": "lootr-neoforge-1.21-1.10.35.91.jar",
    "modId": "lootr",
    "version": "1.21-1.10.35.91"
  },
  "maxhealthfix-neoforge-1.21.1-21.1.4.jar": {
    "jarName": "maxhealthfix-neoforge-1.21.1-21.1.4.jar",
    "modId": "maxhealthfix",
    "version": "21.1.4"
  },
  "mcw-bridges-3.1.1-mc1.21.1neoforge.jar": {
    "jarName": "mcw-bridges-3.1.1-mc1.21.1neoforge.jar",
    "modId": "mcwbridges",
    "version": "3.1.1"
  },
  "mcw-doors-1.1.2-mc1.21.1neoforge.jar": {
    "jarName": "mcw-doors-1.1.2-mc1.21.1neoforge.jar",
    "modId": "mcwdoors",
    "version": "1.1.2"
  },
  "mcw-fences-1.2.0-1.21.1neoforge.jar": {
    "jarName": "mcw-fences-1.2.0-1.21.1neoforge.jar",
    "modId": "mcwfences",
    "version": "1.2.0"
  },
  "mcw-furniture-3.3.0-mc1.21.1neoforge.jar": {
    "jarName": "mcw-furniture-3.3.0-mc1.21.1neoforge.jar",
    "modId": "mcwfurnitures",
    "version": "3.3.0"
  },
  "mcw-holidays-1.1.0-mc1.21.1neoforge.jar": {
    "jarName": "mcw-holidays-1.1.0-mc1.21.1neoforge.jar",
    "modId": "mcwholidays",
    "version": "1.1.0"
  },
  "mcw-lights-1.1.2-mc1.21.1neoforge.jar": {
    "jarName": "mcw-lights-1.1.2-mc1.21.1neoforge.jar",
    "modId": "mcwlights",
    "version": "1.1.2"
  },
  "mcw-paintings-1.0.5-1.21.1neoforge.jar": {
    "jarName": "mcw-paintings-1.0.5-1.21.1neoforge.jar",
    "modId": "mcwpaintings",
    "version": "1.0.5"
  },
  "mcw-paths-1.1.0neoforge-mc1.21.1.jar": {
    "jarName": "mcw-paths-1.1.0neoforge-mc1.21.1.jar",
    "modId": "mcwpaths",
    "version": "1.1.0"
  },
  "mcw-roofs-2.3.2-mc1.21.1neoforge.jar": {
    "jarName": "mcw-roofs-2.3.2-mc1.21.1neoforge.jar",
    "modId": "mcwroofs",
    "version": "2.3.2"
  },
  "mcw-stairs-1.0.1-1.21.1neoforge.jar": {
    "jarName": "mcw-stairs-1.0.1-1.21.1neoforge.jar",
    "modId": "mcwstairs",
    "version": "1.0.1"
  },
  "mcw-trapdoors-1.1.4-mc1.21.1neoforge.jar": {
    "jarName": "mcw-trapdoors-1.1.4-mc1.21.1neoforge.jar",
    "modId": "mcwtrpdoors",
    "version": "1.1.4"
  },
  "mcw-windows-2.4.0-1.21.1neoforge.jar": {
    "jarName": "mcw-windows-2.4.0-1.21.1neoforge.jar",
    "modId": "mcwwindows",
    "version": "2.4.0"
  },
  "mcwaurora-neoforge-1.21.1-1.2.jar": {
    "jarName": "mcwaurora-neoforge-1.21.1-1.2.jar",
    "modId": "mcwaurora",
    "version": "1.21.1-1.2"
  },
  "mcwbiomesoplenty-neoforge-1.21.1-1.2.jar": {
    "jarName": "mcwbiomesoplenty-neoforge-1.21.1-1.2.jar",
    "modId": "mcwbiomesoplenty",
    "version": "1.21.1-1.2"
  },
  "mcwbyg-neoforge-1.21.1-1.2.1.jar": {
    "jarName": "mcwbyg-neoforge-1.21.1-1.2.1.jar",
    "modId": "mcwbyg",
    "version": "1.21.1-1.2.1"
  },
  "medieval_buildings-1.21-1.1.0-neo.jar": {
    "jarName": "medieval_buildings-1.21-1.1.0-neo.jar",
    "modId": "medieval_buildings",
    "version": "1.1.0"
  },
  "Mekanism-1.21.1-10.7.15.81.jar": {
    "jarName": "Mekanism-1.21.1-10.7.15.81.jar",
    "modId": "mekanism",
    "version": "10.7.15"
  },
  "mekanism_trimming-1.21.1-1.0.jar": {
    "jarName": "mekanism_trimming-1.21.1-1.0.jar",
    "modId": "mekanism_trimming",
    "version": "1.21.1-1.0"
  },
  "mekanismcurios-1.21.1-1.2.1.jar": {
    "jarName": "mekanismcurios-1.21.1-1.2.1.jar",
    "modId": "mekanismcurios",
    "version": "1.2.1"
  },
  "MekanismGenerators-1.21.1-10.7.15.81.jar": {
    "jarName": "MekanismGenerators-1.21.1-10.7.15.81.jar",
    "modId": "mekanismgenerators",
    "version": "10.7.15"
  },
  "MekanismTools-1.21.1-10.7.15.81.jar": {
    "jarName": "MekanismTools-1.21.1-10.7.15.81.jar",
    "modId": "mekanismtools",
    "version": "10.7.15"
  },
  "MemorySweep-1.21.1-neoforge-2.0.3-fix.jar": {
    "jarName": "MemorySweep-1.21.1-neoforge-2.0.3-fix.jar",
    "modId": "memorysweep",
    "version": "2.0.3"
  },
  "memoryusagetitle-neoforge-1.0.2.jar": {
    "jarName": "memoryusagetitle-neoforge-1.0.2.jar",
    "modId": "memoryusagetitle",
    "version": "1.0.2"
  },
  "MetalBundles-v21.1.1-1.21.1-NeoForge.jar": {
    "jarName": "MetalBundles-v21.1.1-1.21.1-NeoForge.jar",
    "modId": "metalbundles",
    "version": "21.1.1"
  },
  "midnightlib-1.7.5-neoforge+1.21.1.jar": {
    "jarName": "midnightlib-1.7.5-neoforge+1.21.1.jar",
    "modId": "midnightlib",
    "version": "1.7.5"
  },
  "MindfulDarkness-v21.1.0-1.21.1-NeoForge.jar": {
    "jarName": "MindfulDarkness-v21.1.0-1.21.1-NeoForge.jar",
    "modId": "mindfuldarkness",
    "version": "21.1.0"
  },
  "minecolonies-1.1.1101-1.21.1-snapshot.jar": {
    "jarName": "minecolonies-1.1.1101-1.21.1-snapshot.jar",
    "modId": "minecolonies",
    "version": "1.1.1101-1.21.1-snapshot"
  },
  "mmv-1.1.2-1.21.jar": {
    "jarName": "mmv-1.1.2-1.21.jar",
    "modId": "mmv",
    "version": "1.1.2-1.21"
  },
  "mob_grinding_utils-1.1.10+mc1.21.1.jar": {
    "jarName": "mob_grinding_utils-1.1.10+mc1.21.1.jar",
    "modId": "mob_grinding_utils",
    "version": "1.1.10+mc1.21.1"
  },
  "modelfix-1.21-1.10.jar": {
    "jarName": "modelfix-1.21-1.10.jar",
    "modId": "modelfix",
    "version": "1.21-1.10"
  },
  "modernfix-neoforge-5.24.3+mc1.21.1.jar": {
    "jarName": "modernfix-neoforge-5.24.3+mc1.21.1.jar",
    "modId": "modernfix",
    "version": "5.24.3+mc1.21.1"
  },
  "modnametooltip-1.21.1-neoforge-2.3.0.jar": {
    "jarName": "modnametooltip-1.21.1-neoforge-2.3.0.jar",
    "modId": "modnametooltip",
    "version": "2.3.0"
  },
  "modonomicon-1.21.1-neoforge-1.115.1.jar": {
    "jarName": "modonomicon-1.21.1-neoforge-1.115.1.jar",
    "modId": "modonomicon",
    "version": "1.115.1"
  },
  "monolib-neoforge-1.21.1-2.1.0.jar": {
    "jarName": "monolib-neoforge-1.21.1-2.1.0.jar",
    "modId": "monolib",
    "version": "2.1.0"
  },
  "moonlight-1.21-2.22.3-neoforge.jar": {
    "jarName": "moonlight-1.21-2.22.3-neoforge.jar",
    "modId": "moonlight",
    "version": "1.21-2.22.3"
  },
  "morered-1.21.1-6.0.0.3.jar": {
    "jarName": "morered-1.21.1-6.0.0.3.jar",
    "modId": "morered",
    "version": "6.0.0.3"
  },
  "MoreTotems-neoforge-1.21-2.20.3.jar": {
    "jarName": "MoreTotems-neoforge-1.21-2.20.3.jar",
    "modId": "moretotems",
    "version": "2.20.3"
  },
  "morevanillashields-1.0.2-1.21.1.jar": {
    "jarName": "morevanillashields-1.0.2-1.21.1.jar",
    "modId": "morevanillashields",
    "version": "1.0.2-1.21.1"
  },
  "MouseTweaks-neoforge-mc1.21-2.26.1.jar": {
    "jarName": "MouseTweaks-neoforge-mc1.21-2.26.1.jar",
    "modId": "mousetweaks",
    "version": "2.26.1"
  },
  "mowziesmobs-1.21.1-1.7.5.jar": {
    "jarName": "mowziesmobs-1.21.1-1.7.5.jar",
    "modId": "mowziesmobs",
    "version": "1.7.5"
  },
  "mss-1.3.5-1.21.jar": {
    "jarName": "mss-1.3.5-1.21.jar",
    "modId": "mss",
    "version": "1.3.5-1.21"
  },
  "multipiston-1.2.57-1.21.1.jar": {
    "jarName": "multipiston-1.2.57-1.21.1.jar",
    "modId": "multipiston",
    "version": "1.2.57-1.21.1"
  },
  "MutantMonsters-v21.1.0-1.21.1-NeoForge.jar": {
    "jarName": "MutantMonsters-v21.1.0-1.21.1-NeoForge.jar",
    "modId": "mutantmonsters",
    "version": "21.1.0"
  },
  "mvs-4.3.0-1.21.jar": {
    "jarName": "mvs-4.3.0-1.21.jar",
    "modId": "mvs",
    "version": "4.3.0-1.21"
  },
  "MysticalAgradditions-1.21.1-8.0.9.jar": {
    "jarName": "MysticalAgradditions-1.21.1-8.0.9.jar",
    "modId": "mysticalagradditions",
    "version": "8.0.9"
  },
  "MysticalAgriculture-1.21.1-8.0.19.jar": {
    "jarName": "MysticalAgriculture-1.21.1-8.0.19.jar",
    "modId": "mysticalagriculture",
    "version": "8.0.19"
  },
  "NaturesCompass-1.21.1-3.0.3-neoforge.jar": {
    "jarName": "NaturesCompass-1.21.1-3.0.3-neoforge.jar",
    "modId": "naturescompass",
    "version": "1.21.1-3.0.2-neoforge"
  },
  "NeoAuth-1.21.1-1.0.0.jar": {
    "jarName": "NeoAuth-1.21.1-1.0.0.jar",
    "modId": "neo_auth",
    "version": "1.0.0"
  },
  "neruina-3.0.3+1.21.1-neoforge.jar": {
    "jarName": "neruina-3.0.3+1.21.1-neoforge.jar",
    "modId": "neruina",
    "version": "3.0.3"
  },
  "NetherChested-v21.1.0-1.21.1-NeoForge.jar": {
    "jarName": "NetherChested-v21.1.0-1.21.1-NeoForge.jar",
    "modId": "netherchested",
    "version": "21.1.0"
  },
  "NetherEx-neoforge-1.21.1-1.2.2.jar": {
    "jarName": "NetherEx-neoforge-1.21.1-1.2.2.jar",
    "modId": "netherex",
    "version": "1.2.2"
  },
  "netherportalfix-neoforge-1.21.1-21.1.1.jar": {
    "jarName": "netherportalfix-neoforge-1.21.1-21.1.1.jar",
    "modId": "netherportalfix",
    "version": "21.1.1"
  },
  "NoChatReports-NEOFORGE-1.21.1-v2.9.1.jar": {
    "jarName": "NoChatReports-NEOFORGE-1.21.1-v2.9.1.jar",
    "modId": "nochatreports",
    "version": "1.21.1-v2.9.1"
  },
  "noisium-neoforge-2.3.0+mc1.21-1.21.1.jar": {
    "jarName": "noisium-neoforge-2.3.0+mc1.21-1.21.1.jar",
    "modId": "noisium",
    "version": "2.3.0+mc1.21-1.21.1"
  },
  "notenoughanimations-neoforge-1.10.2-mc1.21.jar": {
    "jarName": "notenoughanimations-neoforge-1.10.2-mc1.21.jar",
    "modId": "notenoughanimations",
    "version": "1.10.2"
  },
  "NotEnoughTrials-1.21-v4.0.jar": {
    "jarName": "NotEnoughTrials-1.21-v4.0.jar",
    "modId": "notenoughtrials",
    "version": "4.0"
  },
  "novillagerdm-1.21.1-6.0.0.jar": {
    "jarName": "novillagerdm-1.21.1-6.0.0.jar",
    "modId": "novillagerdm",
    "version": "6.0.0"
  },
  "Nullscape_1.21.x_v1.2.12.jar": {
    "jarName": "Nullscape_1.21.x_v1.2.12.jar",
    "modId": "nullscape",
    "version": "1.2.12"
  },
  "observable-5.4.4.jar": {
    "jarName": "observable-5.4.4.jar",
    "modId": "observable",
    "version": "5.4.4"
  },
  "occultcreate-2.0.0.jar": {
    "jarName": "occultcreate-2.0.0.jar",
    "modId": "occultcreate",
    "version": "2.0.0"
  },
  "occultism-1.21.1-neoforge-1.190.1.jar": {
    "jarName": "occultism-1.21.1-neoforge-1.190.1.jar",
    "modId": "occultism",
    "version": "1.190.1"
  },
  "occultism_kubejs-1.21.1-neoforge-1.8.0.jar": {
    "jarName": "occultism_kubejs-1.21.1-neoforge-1.8.0.jar",
    "modId": "occultism_kubejs",
    "version": "1.8.0"
  },
  "OctoLib-NEOFORGE-0.6.0.4+1.21.jar": {
    "jarName": "OctoLib-NEOFORGE-0.6.0.4+1.21.jar",
    "modId": "octolib",
    "version": "0.6.0.4"
  },
  "Oh-The-Biomes-Weve-Gone-NeoForge-2.4.6.jar": {
    "jarName": "Oh-The-Biomes-Weve-Gone-NeoForge-2.4.6.jar",
    "modId": "biomeswevegone",
    "version": "2.4.6"
  },
  "Oh-The-Trees-Youll-Grow-neoforge-1.21.1-5.0.14.jar": {
    "jarName": "Oh-The-Trees-Youll-Grow-neoforge-1.21.1-5.0.14.jar",
    "modId": "ohthetreesyoullgrow",
    "version": "5.0.14"
  },
  "open-parties-and-claims-neoforge-1.21.1-0.25.4.jar": {
    "jarName": "open-parties-and-claims-neoforge-1.21.1-0.25.4.jar",
    "modId": "openpartiesandclaims",
    "version": "0.25.4"
  },
  "OpenLoader-neoforge-1.21.1-21.1.5.jar": {
    "jarName": "OpenLoader-neoforge-1.21.1-21.1.5.jar",
    "modId": "openloader",
    "version": "21.1.5"
  },
  "OverflowingBars-v21.1.1-1.21.1-NeoForge.jar": {
    "jarName": "OverflowingBars-v21.1.1-1.21.1-NeoForge.jar",
    "modId": "overflowingbars",
    "version": "21.1.1"
  },
  "overloadedarmorbar-neoforge-1.21-2.jar": {
    "jarName": "overloadedarmorbar-neoforge-1.21-2.jar",
    "modId": "overloadedarmorbar",
    "version": "2"
  },
  "owo-lib-neoforge-0.12.15.5-beta.1+1.21.jar": {
    "jarName": "owo-lib-neoforge-0.12.15.5-beta.1+1.21.jar",
    "modId": "owo",
    "version": "0.12.15.5-beta.1+1.21"
  },
  "packetfixer-3.2.0-1.20.5-1.21.X-merged.jar": {
    "jarName": "packetfixer-3.2.0-1.20.5-1.21.X-merged.jar",
    "modId": "packetfixer",
    "version": "3.2.0"
  },
  "Palladium-1.1.7.1-1.21-1.21.1.jar": {
    "jarName": "Palladium-1.1.7.1-1.21-1.21.1.jar",
    "modId": "mr_toad_palladium",
    "version": "1.1.7"
  },
  "Patchouli-1.21.1-92-NEOFORGE.jar": {
    "jarName": "Patchouli-1.21.1-92-NEOFORGE.jar",
    "modId": "patchouli",
    "version": "1.21.1-92-NEOFORGE"
  },
  "Philips-Ruins1.21.1-2.0-NeoForge.jar": {
    "jarName": "Philips-Ruins1.21.1-2.0-NeoForge.jar",
    "modId": "philipsruins",
    "version": "2.0"
  },
  "PickUpNotifier-v21.1.1-1.21.1-NeoForge.jar": {
    "jarName": "PickUpNotifier-v21.1.1-1.21.1-NeoForge.jar",
    "modId": "pickupnotifier",
    "version": "21.1.1"
  },
  "Placebo-1.21.1-9.9.1.jar": {
    "jarName": "Placebo-1.21.1-9.9.1.jar",
    "modId": "placebo",
    "version": "9.9.1"
  },
  "platform-neoforge-1.21.1-1.2.10.2.jar": {
    "jarName": "platform-neoforge-1.21.1-1.2.10.2.jar",
    "modId": "platform",
    "version": "1.2.10.2"
  },
  "player-animation-lib-forge-2.0.1+1.21.1.jar": {
    "jarName": "player-animation-lib-forge-2.0.1+1.21.1.jar",
    "modId": "playeranimator",
    "version": "2.0.1+1.21.1"
  },
  "pneumaticcraft-repressurized-8.2.13+mc1.21.1.jar": {
    "jarName": "pneumaticcraft-repressurized-8.2.13+mc1.21.1.jar",
    "modId": "pneumaticcraft",
    "version": "8.2.13"
  },
  "polylib-2100.0.3-build.172-neoforge.jar": {
    "jarName": "polylib-2100.0.3-build.172-neoforge.jar",
    "modId": "polylib",
    "version": "2100.0.3-build.172"
  },
  "polymorph-neoforge-1.1.0+1.21.1.jar": {
    "jarName": "polymorph-neoforge-1.1.0+1.21.1.jar",
    "modId": "polymorph",
    "version": "1.1.0+1.21.1"
  },
  "prickle-neoforge-1.21.1-21.1.10.jar": {
    "jarName": "prickle-neoforge-1.21.1-21.1.10.jar",
    "modId": "prickle",
    "version": "21.1.10"
  },
  "Prism-1.21.1-neoforge-1.0.11.jar": {
    "jarName": "Prism-1.21.1-neoforge-1.0.11.jar",
    "modId": "prism",
    "version": "1.0.11"
  },
  "ProjectE-1.21.1-PE1.1.0.jar": {
    "jarName": "ProjectE-1.21.1-PE1.1.0.jar",
    "modId": "projecte",
    "version": "1.1.0"
  },
  "ProPlacer-v21.1.1-1.21.1-NeoForge.jar": {
    "jarName": "ProPlacer-v21.1.1-1.21.1-NeoForge.jar",
    "modId": "proplacer",
    "version": "21.1.1"
  },
  "PuzzlesLib-v21.1.38-1.21.1-NeoForge.jar": {
    "jarName": "PuzzlesLib-v21.1.38-1.21.1-NeoForge.jar",
    "modId": "puzzleslib",
    "version": "21.1.38"
  },
  "railcraft-reborn-1.21.1-1.2.7.jar": {
    "jarName": "railcraft-reborn-1.21.1-1.2.7.jar",
    "modId": "railcraft",
    "version": "1.2.7"
  },
  "railroadblocksaddon-neoforge-1.21-0.6.3.jar": {
    "jarName": "railroadblocksaddon-neoforge-1.21-0.6.3.jar",
    "modId": "railroadblocksaddon",
    "version": "0.6.3"
  },
  "rangedpumps-1.3.0.jar": {
    "jarName": "rangedpumps-1.3.0.jar",
    "modId": "rangedpumps",
    "version": "1.3.0"
  },
  "rarcompat-1.21-0.9.7.jar": {
    "jarName": "rarcompat-1.21-0.9.7.jar",
    "modId": "rarcompat",
    "version": "0.9.7"
  },
  "rechiseled-1.1.6a-neoforge-mc1.21.jar": {
    "jarName": "rechiseled-1.1.6a-neoforge-mc1.21.jar",
    "modId": "rechiseled",
    "version": "1.1.6+a"
  },
  "rechiseledcreate-1.0.2a-neoforge-mc1.21.jar": {
    "jarName": "rechiseledcreate-1.0.2a-neoforge-mc1.21.jar",
    "modId": "rechiseledcreate",
    "version": "1.0.2+a"
  },
  "redirected-neoforge-1.0.0-1.21.1.jar": {
    "jarName": "redirected-neoforge-1.0.0-1.21.1.jar",
    "modId": "redirected",
    "version": "1.0.0"
  },
  "reeses-sodium-options-neoforge-1.8.3+mc1.21.4.jar": {
    "jarName": "reeses-sodium-options-neoforge-1.8.3+mc1.21.4.jar",
    "modId": "reeses_sodium_options",
    "version": "1.8.3+mc1.21.4"
  },
  "refinedstorage-curios-integration-1.0.0.jar": {
    "jarName": "refinedstorage-curios-integration-1.0.0.jar",
    "modId": "refinedstorage_curios_integration",
    "version": "1.0.0"
  },
  "refinedstorage-emi-integration-neoforge-1.0.0.jar": {
    "jarName": "refinedstorage-emi-integration-neoforge-1.0.0.jar",
    "modId": "refinedstorage_emi_integration",
    "version": "1.0.0"
  },
  "refinedstorage-jei-integration-neoforge-1.0.0.jar": {
    "jarName": "refinedstorage-jei-integration-neoforge-1.0.0.jar",
    "modId": "refinedstorage_jei_integration",
    "version": "1.0.0"
  },
  "refinedstorage-mekanism-integration-1.0.0.jar": {
    "jarName": "refinedstorage-mekanism-integration-1.0.0.jar",
    "modId": "refinedstorage_mekanism_integration",
    "version": "1.0.0"
  },
  "refinedstorage-neoforge-2.0.0-beta.11.jar": {
    "jarName": "refinedstorage-neoforge-2.0.0-beta.11.jar",
    "modId": "refinedstorage",
    "version": "2.0.0-beta.11"
  },
  "regions_unexplored-neoforge-1.21.1-0.5.6.1.jar": {
    "jarName": "regions_unexplored-neoforge-1.21.1-0.5.6.1.jar",
    "modId": "regions_unexplored",
    "version": "0.5.6.1"
  },
  "reintegrated_chipped-1.0.0.jar": {
    "jarName": "reintegrated_chipped-1.0.0.jar",
    "modId": "reintegrated_chipped",
    "version": "1.0.0"
  },
  "relics-1.21.1-0.10.7.6.jar": {
    "jarName": "relics-1.21.1-0.10.7.6.jar",
    "modId": "relics",
    "version": "0.10.7.6"
  },
  "reliquified_ars_nouveau-1.21.1-0.6.1.jar": {
    "jarName": "reliquified_ars_nouveau-1.21.1-0.6.1.jar",
    "modId": "reliquified_ars_nouveau",
    "version": "0.6.1"
  },
  "reliquified_twilight_forest-1.21.1-0.5.2.jar": {
    "jarName": "reliquified_twilight_forest-1.21.1-0.5.2.jar",
    "modId": "reliquified_twilight_forest",
    "version": "0.5.2"
  },
  "repurposed_structures-7.5.17+1.21.1-neoforge.jar": {
    "jarName": "repurposed_structures-7.5.17+1.21.1-neoforge.jar",
    "modId": "repurposed_structures",
    "version": "7.5.17+1.21.1-neoforge"
  },
  "resourcefulconfig-neoforge-1.21-3.0.11.jar": {
    "jarName": "resourcefulconfig-neoforge-1.21-3.0.11.jar",
    "modId": "resourcefulconfig",
    "version": "3.0.11"
  },
  "resourcefullib-neoforge-1.21-3.0.12.jar": {
    "jarName": "resourcefullib-neoforge-1.21-3.0.12.jar",
    "modId": "resourcefullib",
    "version": "3.0.12"
  },
  "ResourcePackOverrides-v21.1.0-1.21.1-NeoForge.jar": {
    "jarName": "ResourcePackOverrides-v21.1.0-1.21.1-NeoForge.jar",
    "modId": "resourcepackoverrides",
    "version": "21.1.0"
  },
  "RespawningAnimals-v21.1.2-1.21.1-NeoForge.jar": {
    "jarName": "RespawningAnimals-v21.1.2-1.21.1-NeoForge.jar",
    "modId": "respawninganimals",
    "version": "21.1.2"
  },
  "responsiveshields-2.4-neoforge-mc1.21.x.jar": {
    "jarName": "responsiveshields-2.4-neoforge-mc1.21.x.jar",
    "modId": "responsiveshields",
    "version": "2.4"
  },
  "rhino-2101.2.7-build.77.jar": {
    "jarName": "rhino-2101.2.7-build.77.jar",
    "modId": "rhino",
    "version": "2101.2.7-build.77"
  },
  "saturn-mc1.21.1-0.1.5.jar": {
    "jarName": "saturn-mc1.21.1-0.1.5.jar",
    "modId": "saturn",
    "version": "0.1.5"
  },
  "Searchables-neoforge-1.21.1-1.0.2.jar": {
    "jarName": "Searchables-neoforge-1.21.1-1.0.2.jar",
    "modId": "searchables",
    "version": "1.0.2"
  },
  "SereneSeasons-neoforge-1.21.1-10.1.0.3.jar": {
    "jarName": "SereneSeasons-neoforge-1.21.1-10.1.0.3.jar",
    "modId": "sereneseasons",
    "version": "10.1.0.3"
  },
  "serversidehorror-1.21.1-neoforge-1.1.jar": {
    "jarName": "serversidehorror-1.21.1-neoforge-1.1.jar",
    "modId": "serversidehorror",
    "version": "1.1"
  },
  "servervote-1.0.3.jar": {
    "jarName": "servervote-1.0.3.jar",
    "modId": "servervote",
    "version": "1.0.3"
  },
  "shield-blocks-fall-damage-1.0+bounce.jar": {
    "jarName": "shield-blocks-fall-damage-1.0+bounce.jar",
    "modId": "mr_shield_blocksfalldamage",
    "version": "1.0+bounce"
  },
  "shield_system-2101.1.3.jar": {
    "jarName": "shield_system-2101.1.3.jar",
    "modId": "shield_system",
    "version": "2101.1.3"
  },
  "shrink-2.0.1.47-neoforge.jar": {
    "jarName": "shrink-2.0.1.47-neoforge.jar",
    "modId": "shrink",
    "version": "2.0.1.47"
  },
  "simple_snowy_fix-neoforge-2.1.4.jar": {
    "jarName": "simple_snowy_fix-neoforge-2.1.4.jar",
    "modId": "simple_snowy_fix",
    "version": "2.1.4"
  },
  "simplemagnets-1.1.12c-neoforge-mc1.21.jar": {
    "jarName": "simplemagnets-1.1.12c-neoforge-mc1.21.jar",
    "modId": "simplemagnets",
    "version": "1.1.12+c"
  },
  "SkeletonAIFix-v21.1.1-1.21.1-NeoForge.jar": {
    "jarName": "SkeletonAIFix-v21.1.1-1.21.1-NeoForge.jar",
    "modId": "skeletonaifix",
    "version": "21.1.1"
  },
  "skinlayers3d-neoforge-1.9.0-mc1.21.jar": {
    "jarName": "skinlayers3d-neoforge-1.9.0-mc1.21.jar",
    "modId": "skinlayers3d",
    "version": "1.9.0"
  },
  "SkyVillages-1.0.6-1.21.x-neoforge-release.jar": {
    "jarName": "SkyVillages-1.0.6-1.21.x-neoforge-release.jar",
    "modId": "skyvillages",
    "version": "1.0.6"
  },
  "sliceanddice-neoforge-4.0.1.jar": {
    "jarName": "sliceanddice-neoforge-4.0.1.jar",
    "modId": "sliceanddice",
    "version": "4.0.1"
  },
  "SlotCycler-v21.1.1-1.21.1-NeoForge.jar": {
    "jarName": "SlotCycler-v21.1.1-1.21.1-NeoForge.jar",
    "modId": "slotcycler",
    "version": "21.1.1"
  },
  "SmartBrainLib-neoforge-1.21.1-1.16.10.jar": {
    "jarName": "SmartBrainLib-neoforge-1.21.1-1.16.10.jar",
    "modId": "smartbrainlib",
    "version": "1.16.10"
  },
  "smarterfarmers-1.21-2.2.3-neoforge.jar": {
    "jarName": "smarterfarmers-1.21-2.2.3-neoforge.jar",
    "modId": "smarterfarmers",
    "version": "1.21-2.2.3"
  },
  "SneakyCurses-v21.1.0-1.21.1-NeoForge.jar": {
    "jarName": "SneakyCurses-v21.1.0-1.21.1-NeoForge.jar",
    "modId": "sneakycurses",
    "version": "21.1.0"
  },
  "SnowRealMagic-1.21.1-NeoForge-12.1.2.jar": {
    "jarName": "SnowRealMagic-1.21.1-NeoForge-12.1.2.jar",
    "modId": "snowrealmagic",
    "version": "12.1.2+neoforge"
  },
  "snowundertrees-1.21.1-1.5.jar": {
    "jarName": "snowundertrees-1.21.1-1.5.jar",
    "modId": "snowundertrees",
    "version": "1.5"
  },
  "snowy_tents-1.0.0-neoforge-1.21.1.jar": {
    "jarName": "snowy_tents-1.0.0-neoforge-1.21.1.jar",
    "modId": "snowy_tents",
    "version": "1.0.0"
  },
  "sodium-neoforge-0.6.13+mc1.21.1.jar": {
    "jarName": "sodium-neoforge-0.6.13+mc1.21.1.jar",
    "modId": "sodium",
    "version": "0.6.13+mc1.21.1"
  },
  "sodiumdynamiclights-neoforge-1.0.10-1.21.1.jar": {
    "jarName": "sodiumdynamiclights-neoforge-1.0.10-1.21.1.jar",
    "modId": "sodiumdynamiclights",
    "version": "1.0.9"
  },
  "sodiumleafculling-neoforge-1.0.1-1.21.1.jar": {
    "jarName": "sodiumleafculling-neoforge-1.0.1-1.21.1.jar",
    "modId": "sodiumleafculling",
    "version": "1.0.1"
  },
  "sodiumoptionsapi-neoforge-1.0.10-1.21.1.jar": {
    "jarName": "sodiumoptionsapi-neoforge-1.0.10-1.21.1.jar",
    "modId": "sodiumoptionsapi",
    "version": "1.0.10"
  },
  "sophisticatedbackpacks-1.21.1-3.24.21.1314.jar": {
    "jarName": "sophisticatedbackpacks-1.21.1-3.24.21.1314.jar",
    "modId": "sophisticatedbackpacks",
    "version": "3.24.21"
  },
  "sophisticatedbackpackscreateintegration-1.21.1-0.1.3.13.jar": {
    "jarName": "sophisticatedbackpackscreateintegration-1.21.1-0.1.3.13.jar",
    "modId": "sophisticatedbackpackscreateintegration",
    "version": "0.1.3"
  },
  "sophisticatedcore-1.21.1-1.3.65.1096.jar": {
    "jarName": "sophisticatedcore-1.21.1-1.3.65.1096.jar",
    "modId": "sophisticatedcore",
    "version": "1.3.65"
  },
  "sophisticatedstorage-1.21.1-1.4.50.1235.jar": {
    "jarName": "sophisticatedstorage-1.21.1-1.4.50.1235.jar",
    "modId": "sophisticatedstorage",
    "version": "1.4.50"
  },
  "sophisticatedstoragecreateintegration-1.21.1-0.1.11.37.jar": {
    "jarName": "sophisticatedstoragecreateintegration-1.21.1-0.1.11.37.jar",
    "modId": "sophisticatedstoragecreateintegration",
    "version": "0.1.11"
  },
  "sound-physics-remastered-neoforge-1.21.1-1.4.15.jar": {
    "jarName": "sound-physics-remastered-neoforge-1.21.1-1.4.15.jar",
    "modId": "sound_physics_remastered",
    "version": "1.21.1-1.4.15"
  },
  "spark-1.10.124-neoforge.jar": {
    "jarName": "spark-1.10.124-neoforge.jar",
    "modId": "spark",
    "version": "1.10.124"
  },
  "Stoneworks-v21.1.0-1.21.1-NeoForge.jar": {
    "jarName": "Stoneworks-v21.1.0-1.21.1-NeoForge.jar",
    "modId": "stoneworks",
    "version": "21.1.0"
  },
  "Stony Cliffs FML v1.1.2.jar": {
    "jarName": "Stony Cliffs FML v1.1.2.jar",
    "modId": "stonycliffs",
    "version": "1.1.2"
  },
  "Structory_1.21.x_v1.3.11.jar": {
    "jarName": "Structory_1.21.x_v1.3.11.jar",
    "modId": "structory",
    "version": "1.3.12"
  },
  "Structory_Towers_1.21.x_v1.0.13.jar": {
    "jarName": "Structory_Towers_1.21.x_v1.0.13.jar",
    "modId": "structory_towers",
    "version": "1.0.13"
  },
  "structurize-1.0.787-1.21.1-snapshot.jar": {
    "jarName": "structurize-1.0.787-1.21.1-snapshot.jar",
    "modId": "structurize",
    "version": "1.0.787-1.21.1-snapshot"
  },
  "StylishEffects-v21.1.1-1.21.1-NeoForge.jar": {
    "jarName": "StylishEffects-v21.1.1-1.21.1-NeoForge.jar",
    "modId": "stylisheffects",
    "version": "21.1.1"
  },
  "supermartijn642configlib-1.1.8-neoforge-mc1.21.jar": {
    "jarName": "supermartijn642configlib-1.1.8-neoforge-mc1.21.jar",
    "modId": "supermartijn642configlib",
    "version": "1.1.8"
  },
  "supermartijn642corelib-1.1.18a-neoforge-mc1.21.jar": {
    "jarName": "supermartijn642corelib-1.1.18a-neoforge-mc1.21.jar",
    "modId": "supermartijn642corelib",
    "version": "1.1.18+a"
  },
  "supplementaries-1.21-3.4.12-neoforge.jar": {
    "jarName": "supplementaries-1.21-3.4.12-neoforge.jar",
    "modId": "supplementaries",
    "version": "1.21-3.4.12"
  },
  "SwordBlockingMechanics-v21.1.1-1.21.1-NeoForge.jar": {
    "jarName": "SwordBlockingMechanics-v21.1.1-1.21.1-NeoForge.jar",
    "modId": "swordblockingmechanics",
    "version": "21.1.1"
  },
  "t_and_t-neoforge-fabric-1.13.2.jar": {
    "jarName": "t_and_t-neoforge-fabric-1.13.2.jar",
    "modId": "t_and_t",
    "version": "1.13.2"
  },
  "TerraBlender-neoforge-1.21.1-4.1.0.8.jar": {
    "jarName": "TerraBlender-neoforge-1.21.1-4.1.0.8.jar",
    "modId": "terrablender",
    "version": "4.1.0.8"
  },
  "Terralith_1.21.x_v2.5.8.jar": {
    "jarName": "Terralith_1.21.x_v2.5.8.jar",
    "modId": "terralith",
    "version": "2.5.8"
  },
  "tfmg-1.0.2f.jar": {
    "jarName": "tfmg-1.0.2f.jar",
    "modId": "tfmg",
    "version": "1.0.2f"
  },
  "the_bumblezone-7.10.1+1.21.1-neoforge.jar": {
    "jarName": "the_bumblezone-7.10.1+1.21.1-neoforge.jar",
    "modId": "the_bumblezone",
    "version": "7.10.1+1.21.1-neoforge"
  },
  "The_Undergarden-1.21.1-0.9.3.jar": {
    "jarName": "The_Undergarden-1.21.1-0.9.3.jar",
    "modId": "undergarden",
    "version": "0.9.3"
  },
  "titanium-1.21-4.0.40.jar": {
    "jarName": "titanium-1.21-4.0.40.jar",
    "modId": "titanium",
    "version": "4.0.40"
  },
  "Toadlib-1.3.2-1.21-1.21.1.jar": {
    "jarName": "Toadlib-1.3.2-1.21-1.21.1.jar",
    "modId": "toadlib",
    "version": "1.3.2"
  },
  "ToastControl-1.21.1-9.0.1.jar": {
    "jarName": "ToastControl-1.21.1-9.0.1.jar",
    "modId": "toastcontrol",
    "version": "9.0.1"
  },
  "toms_storage-1.21-2.2.2.jar": {
    "jarName": "toms_storage-1.21-2.2.2.jar",
    "modId": "toms_storage",
    "version": "2.2.2"
  },
  "ToolBelt-1.21.1-2.2.6.jar": {
    "jarName": "ToolBelt-1.21.1-2.2.6.jar",
    "modId": "toolbelt",
    "version": "2.2.6"
  },
  "torch-hit-neoforge-1.21.1-7.0.0.jar": {
    "jarName": "torch-hit-neoforge-1.21.1-7.0.0.jar",
    "modId": "torch_hit",
    "version": "7.0.0"
  },
  "totw_modded-neoforge-1.21-1.0.8.jar": {
    "jarName": "totw_modded-neoforge-1.21-1.0.8.jar",
    "modId": "totw_modded",
    "version": "1.0.8"
  },
  "towers-of-the-wild-modded-extra-towers-1.0.6.jar": {
    "jarName": "towers-of-the-wild-modded-extra-towers-1.0.6.jar",
    "modId": "mr_towers_ofthewildmoddedextratowers",
    "version": "1.0.6"
  },
  "trashcans-1.0.18c-neoforge-mc1.21.jar": {
    "jarName": "trashcans-1.0.18c-neoforge-mc1.21.jar",
    "modId": "trashcans",
    "version": "1.0.18+c"
  },
  "trashslot-neoforge-1.21.1-21.1.4.jar": {
    "jarName": "trashslot-neoforge-1.21.1-21.1.4.jar",
    "modId": "trashslot",
    "version": "21.1.4"
  },
  "trimmable_tools-neoforge-1.21.1-2.0.5.jar": {
    "jarName": "trimmable_tools-neoforge-1.21.1-2.0.5.jar",
    "modId": "trimmable_tools",
    "version": "2.0.5"
  },
  "twilightdelight-3.0.6.jar": {
    "jarName": "twilightdelight-3.0.6.jar",
    "modId": "twilightdelight",
    "version": "3.0.6"
  },
  "twilightforest-1.21.1-4.7.3196-universal.jar": {
    "jarName": "twilightforest-1.21.1-4.7.3196-universal.jar",
    "modId": "twilightforest",
    "version": "4.7.3196"
  },
  "txnilib-neoforge-1.0.24-1.21.1.jar": {
    "jarName": "txnilib-neoforge-1.0.24-1.21.1.jar",
    "modId": "txnilib",
    "version": "1.0.24"
  },
  "u_team_core-neoforge-1.21.1-5.6.2.384.jar": {
    "jarName": "u_team_core-neoforge-1.21.1-5.6.2.384.jar",
    "modId": "uteamcore",
    "version": "5.6.2.384"
  },
  "UndergroundVillages-neoforge-1.21.1-4.0.3.jar": {
    "jarName": "UndergroundVillages-neoforge-1.21.1-4.0.3.jar",
    "modId": "underground_villages",
    "version": "4.0.3"
  },
  "UniversalBoneMeal-v21.1.0-1.21.1-NeoForge.jar": {
    "jarName": "UniversalBoneMeal-v21.1.0-1.21.1-NeoForge.jar",
    "modId": "universalbonemeal",
    "version": "21.1.0"
  },
  "UniversalEnchants-v21.1.6-1.21.1-NeoForge.jar": {
    "jarName": "UniversalEnchants-v21.1.6-1.21.1-NeoForge.jar",
    "modId": "universalenchants",
    "version": "21.1.6"
  },
  "useful_railroads-neoforge-1.21.1-1.6.0.61.jar": {
    "jarName": "useful_railroads-neoforge-1.21.1-1.6.0.61.jar",
    "modId": "usefulrailroads",
    "version": "1.6.0.61"
  },
  "valhelsia_core-neoforge-1.21.1-1.1.5.jar": {
    "jarName": "valhelsia_core-neoforge-1.21.1-1.1.5.jar",
    "modId": "valhelsia_core",
    "version": "1.1.5"
  },
  "vanillabackport-neoforge-1.21.1-1.1.4.3.jar": {
    "jarName": "vanillabackport-neoforge-1.21.1-1.1.4.3.jar",
    "modId": "vanillabackport",
    "version": "1.1.4.3"
  },
  "variantsandventures-neoforge-1.0.17+mc1.21.1.jar": {
    "jarName": "variantsandventures-neoforge-1.0.17+mc1.21.1.jar",
    "modId": "variantsandventures",
    "version": "1.0.17"
  },
  "villagernames-1.21.1-8.2.jar": {
    "jarName": "villagernames-1.21.1-8.2.jar",
    "modId": "villagernames",
    "version": "8.2"
  },
  "visualoverhaul-neoforge-5.2.1.jar": {
    "jarName": "visualoverhaul-neoforge-5.2.1.jar",
    "modId": "visualoverhaul",
    "version": "5.2.1"
  },
  "VisualWorkbench-v21.1.1-1.21.1-NeoForge.jar": {
    "jarName": "VisualWorkbench-v21.1.1-1.21.1-NeoForge.jar",
    "modId": "visualworkbench",
    "version": "21.1.1"
  },
  "voicechat-neoforge-1.21.1-2.5.36.jar": {
    "jarName": "voicechat-neoforge-1.21.1-2.5.36.jar",
    "modId": "voicechat",
    "version": "1.21.1-2.5.36"
  },
  "voidtotem-neoforge-1.21.1-4.0.0.jar": {
    "jarName": "voidtotem-neoforge-1.21.1-4.0.0.jar",
    "modId": "voidtotem",
    "version": "4.0.0"
  },
  "wandering_trader_plus-1.0.4-neoforge-1.21.1.jar": {
    "jarName": "wandering_trader_plus-1.0.4-neoforge-1.21.1.jar",
    "modId": "wandering_trader_plus",
    "version": "1.0.4"
  },
  "watut-neoforge-1.21.0-1.2.7.jar": {
    "jarName": "watut-neoforge-1.21.0-1.2.7.jar",
    "modId": "watut",
    "version": "1.21.0-1.2.7"
  },
  "waystone_towers-1.21.1-NEOFORGE-1.0.9.jar": {
    "jarName": "waystone_towers-1.21.1-NEOFORGE-1.0.9.jar",
    "modId": "waystone_towers",
    "version": "1.0.9"
  },
  "waystones-neoforge-1.21.1-21.1.22.jar": {
    "jarName": "waystones-neoforge-1.21.1-21.1.22.jar",
    "modId": "waystones",
    "version": "21.1.22"
  },
  "weather2-neoforge-1.21.0-2.8.6.jar": {
    "jarName": "weather2-neoforge-1.21.0-2.8.6.jar",
    "modId": "weather2",
    "version": "1.21.0-2.8.6"
  },
  "whatthebucket-neoforge-1.21.1-21.1.1.jar": {
    "jarName": "whatthebucket-neoforge-1.21.1-21.1.1.jar",
    "modId": "whatthebucket",
    "version": "21.1.1"
  },
  "worldedit-mod-7.3.8.jar": {
    "jarName": "worldedit-mod-7.3.8.jar",
    "modId": "worldedit",
    "version": "7.3.8+6939-7d32b45"
  },
  "yammo-1.0.3.jar": {
    "jarName": "yammo-1.0.3.jar",
    "modId": "yammo",
    "version": "1.0.3"
  },
  "yet_another_config_lib_v3-3.7.1+1.21.1-neoforge.jar": {
    "jarName": "yet_another_config_lib_v3-3.7.1+1.21.1-neoforge.jar",
    "modId": "yet_another_config_lib_v3",
    "version": "3.7.1+1.21.1-neoforge"
  },
  "YungsApi-1.21.1-NeoForge-5.1.6.jar": {
    "jarName": "YungsApi-1.21.1-NeoForge-5.1.6.jar",
    "modId": "yungsapi",
    "version": "1.21.1-NeoForge-5.1.6"
  },
  "YungsBetterDesertTemples-1.21.1-NeoForge-4.1.5.jar": {
    "jarName": "YungsBetterDesertTemples-1.21.1-NeoForge-4.1.5.jar",
    "modId": "betterdeserttemples",
    "version": "1.21.1-NeoForge-4.1.5"
  },
  "YungsBetterDungeons-1.21.1-NeoForge-5.1.4.jar": {
    "jarName": "YungsBetterDungeons-1.21.1-NeoForge-5.1.4.jar",
    "modId": "betterdungeons",
    "version": "1.21.1-NeoForge-5.1.4"
  },
  "YungsBetterEndIsland-1.21.1-NeoForge-3.1.2.jar": {
    "jarName": "YungsBetterEndIsland-1.21.1-NeoForge-3.1.2.jar",
    "modId": "betterendisland",
    "version": "1.21.1-NeoForge-3.1.2"
  },
  "YungsBetterJungleTemples-1.21.1-NeoForge-3.1.2.jar": {
    "jarName": "YungsBetterJungleTemples-1.21.1-NeoForge-3.1.2.jar",
    "modId": "betterjungletemples",
    "version": "1.21.1-NeoForge-3.1.2"
  },
  "YungsBetterMineshafts-1.21.1-NeoForge-5.1.1.jar": {
    "jarName": "YungsBetterMineshafts-1.21.1-NeoForge-5.1.1.jar",
    "modId": "bettermineshafts",
    "version": "1.21.1-NeoForge-5.1.1"
  },
  "YungsBetterNetherFortresses-1.21.1-NeoForge-3.1.5.jar": {
    "jarName": "YungsBetterNetherFortresses-1.21.1-NeoForge-3.1.5.jar",
    "modId": "betterfortresses",
    "version": "1.21.1-NeoForge-3.1.5"
  },
  "YungsBetterOceanMonuments-1.21.1-NeoForge-4.1.2.jar": {
    "jarName": "YungsBetterOceanMonuments-1.21.1-NeoForge-4.1.2.jar",
    "modId": "betteroceanmonuments",
    "version": "1.21.1-NeoForge-4.1.2"
  },
  "YungsBetterStrongholds-1.21.1-NeoForge-5.1.3.jar": {
    "jarName": "YungsBetterStrongholds-1.21.1-NeoForge-5.1.3.jar",
    "modId": "betterstrongholds",
    "version": "1.21.1-NeoForge-5.1.3"
  },
  "YungsBetterWitchHuts-1.21.1-NeoForge-4.1.1.jar": {
    "jarName": "YungsBetterWitchHuts-1.21.1-NeoForge-4.1.1.jar",
    "modId": "betterwitchhuts",
    "version": "1.21.1-NeoForge-4.1.1"
  },
  "YungsBridges-1.21.1-NeoForge-5.1.1.jar": {
    "jarName": "YungsBridges-1.21.1-NeoForge-5.1.1.jar",
    "modId": "yungsbridges",
    "version": "1.21.1-NeoForge-5.1.1"
  },
  "YungsCaveBiomes-1.21.1-NeoForge-3.1.1.jar": {
    "jarName": "YungsCaveBiomes-1.21.1-NeoForge-3.1.1.jar",
    "modId": "yungscavebiomes",
    "version": "1.21.1-NeoForge-3.1.1"
  },
  "YungsExtras-1.21.1-NeoForge-5.1.1.jar": {
    "jarName": "YungsExtras-1.21.1-NeoForge-5.1.1.jar",
    "modId": "yungsextras",
    "version": "1.21.1-NeoForge-5.1.1"
  },
  "YungsMenuTweaks-1.21.1-NeoForge-2.1.2.jar": {
    "jarName": "YungsMenuTweaks-1.21.1-NeoForge-2.1.2.jar",
    "modId": "yungsmenutweaks",
    "version": "1.21.1-NeoForge-2.1.2"
  }
}