{
  "minecraft": {
    "item_storage.show_name_amount": 5,
    "furnace": true,
    "harvest_tool.show_unbreakable": false,
    "animal_owner": true,
    "harvest_tool.effective_tool": true,
    "energy_storage.style": "PROGRESS_BAR",
    "item_storage": true,
    "item_storage.normal_amount": 9,
    "harvest_tool": true,
    "armor_stand": true,
    "fluid_storage.detailed": false,
    "next_entity_drop": true,
    "energy_storage": true,
    "entity_armor.max_for_render": 20,
    "breaking_progress": true,
    "tnt_stability": true,
    "item_storage.items_per_line": 9,
    "item_frame": true,
    "crop_progress": true,
    "command_block": true,
    "mob_growth": true,
    "waxed": true,
    "harvest_tool.new_line": false,
    "entity_health.max_for_render": 40,
    "entity_health.show_fractions": false,
    "mob_spawner": true,
    "redstone": true,
    "fluid_storage": true,
    "jukebox": true,
    "brewing_stand": true,
    "energy_storage.detailed": false,
    "note_block": true,
    "fluid_storage.style": "PROGRESS_BAR",
    "beehive": true,
    "item_storage.detailed_amount": 54,
    "player_head": true,
    "lectern": true,
    "entity_armor": true,
    "harvest_tool.creative": false,
    "horse_stats": true,
    "item_tooltip": true,
    "entity_health": true,
    "enchantment_power": true,
    "zombie_villager": true,
    "villager_profession": true,
    "mob_breeding": true,
    "entity_health.icons_per_line": 10,
    "total_enchantment_power": true,
    "potion_effects": true,
    "painting": true,
    "chiseled_bookshelf": true
  },
  "jadeaddons.create": {
    "filter": true,
    "backtank_capacity": true,
    "goggles.requires_goggles": true,
    "goggles": false,
    "blaze_burner": true,
    "exact_block": true,
    "goggles.detailed": false,
    "placard": true
  },
  "apothic_spawners": {
    "spawner": true
  },
  "ftbquests": {
    "barrier": true
  },
  "jade": {
    "coordinates.rel": false,
    "registry_name.special": false,
    "block_states": false,
    "distance": false,
    "block_face": false,
    "coordinates": false,
    "registry_name": "OFF",
    "block_properties": false,
    "mod_name": true
  },
  "allthemodium": {
    "teleport_pad": true
  },
  "ae2": {
    "part_icon": true,
    "charger": true,
    "debug": true,
    "part_tooltip": true,
    "grid_node_state": true,
    "pattern_provider": true,
    "part_mod_name": true,
    "power_storage": true,
    "crafting_monitor": true,
    "part_name": true
  },
  "projecte": {
    "emc_provider": true
  },
  "mekanism": {
    "chemical": true,
    "remove_builtin": true,
    "fluid": true,
    "energy": true,
    "tooltip_renderer": true
  },
  "easy_villagers": {
    "villager": true,
    "converter": true,
    "breeder": true
  },
  "waystones": {
    "waystone": true
  },
  "cookingforblockheads": {
    "fridge": true,
    "oven": true,
    "sink": true,
    "preservation_chamber": true,
    "milk_jar": true,
    "toaster": true
  },
  "railcraft": {
    "signals": true,
    "track_component": true,
    "locomotive": true,
    "switch_track": true
  },
  "jade_access": {
    "held_item": true,
    "sign": true,
    "block": true,
    "entity": true,
    "entity_variant": true
  },
  "pneumaticcraft": {
    "pneumatic": true,
    "tube_module": true,
    "entity": true,
    "redstone": true,
    "camo": true,
    "semiblock": true
  },
  "apotheosis": {
    "adventure": true
  },
  "occultism": {
    "foliot": true,
    "sacrificial": true
  },
  "apothic_enchanting": {
    "ench": true
  },
  "balm": {
    "jade": true
  },
  "integrateddynamicscompat": {
    "proxy": true,
    "mechanical_squeezer": true,
    "mechanical_drying_basin": true,
    "drying_basin": true,
    "part": true,
    "squeezer": true
  },
  "ars_nouveau": {
    "mob_jar": true
  },
  "jadeaddons": {
    "equipment_requirement": ""
  },
  "exposure": {
    "lightroom": true,
    "photograph_frame": true
  },
  "jadeaddons.lootr": {
    "info": true
  },
  "toms_storage": {
    "inventory_config": true,
    "inventory_connector": true
  },
  "mysticalagradditions": {
    "infused_farmland": true
  },
  "twilightforest": {
    "chiseled_bookshelf_spawner": true,
    "quest_ram_wool": true
  },
  "supplementaries": {
    "hat_stand": true
  },
  "dynamictrees": {
    "rooty_water": true,
    "pod": true,
    "fruit": true,
    "rooty": true,
    "branch": true
  },
  "corpse": {
    "corpse": true
  },
  "mysticalagriculture": {
    "infused_farmland": true,
    "crop": true,
    "inferium_crop": true
  }
}